cat_id, cat_name, count
03bt1gh,Games,788288
01mw1,Video game,539945
07yv9,Vehicle,415890
01jddz,Concert,378135
09jwl,Musician,286532
0215n,Cartoon,236948
01350r,Performance art,203343
0k4j,Car,200813
026bk,Dance,181579
0342h,Guitar,156226
0d8lm,String instrument,144667
02wbm,Food,135357
02vx4,Football,130835
05229,Musical ensemble,125668
0mdxd,Music video,116098
0jbk,Animal,107788
0hcr,Animation,98140
0410tth,Motorsport,93443
068hy,Pet,90779
0dfbw,Racing,84258
0p57p,Recipe,75819
050k8,Mobile phone,72911
01mtb,Cooking,71218
0169zh,Smartphone,64884
02mf1n,Gadget,64452
03hdbf,Trailer,59695
0138tl,Toy,58720
09v6kpg,Minecraft,57801
02hnl,Drums,55597
01ykh,Cuisine,55411
05r5c,Piano,55201
04_sv,Motorcycle,54950
02q08p0,Dish,54730
026t6,Drums,54195
042v_gx,Acoustic guitar,51712
02ntfj,Action-adventure game,51597
026wy8d,Call of Duty,49465
02sgy,Electric guitar,47982
09lbv,Drummer,45885
014trl,Cosmetics,43039
05148p4,Keyboard,41496
0l14jd,Choir,38652
03hf_rm,Strategy video game,36451
094jc,Fishing,36051
0k5j,Aircraft,35779
07jdr,Train,35331
05czz6l,Airplane,35170
05vyk,Pianist,34650
012mq4,Sports car,34448
0jjw,Art,33328
03q69,Hair,33321
06d_3,Rail transport,31796
01sgl,Cycling,31060
05pd6,Orchestra,31046
018w8,Basketball,31017
07bsy,Transport,30191
057cc,Musical keyboard,30169
025sn53,Motorcycling,30111
0199g,Bicycle,29728
0ch_cf,Fish,29371
05b0n7k,Outdoor recreation,28879
0dkw5,Machine,28568
02dsz,Disc jockey,28529
022dc6,Sports game,27764
0plc2,Radio-controlled model,27098
0ds4x,Hairstyle,26534
032tl,Fashion,26154
0bt9lr,Dog,25972
06zfw,Skateboarding,24982
07yr3,Fighting game,24498
06nb_j,Basketball moves,24084
027lnzs,iPhone,24033
081hv,Wedding,23974
06_fw,Skateboard,23873
0643t,Personal computer,23842
07r04,Truck,23553
019jd,Boat,23265
01g50p,Railroad car,22237
06rvn,Snare drum,21438
0jm_,American football,20847
02csf,Drawing,20580
05xwg,Pokémon,20186
09qf5,Winter sport,20006
013xlm,Tractor,19343
0hgnzjh,Grand Theft Auto V,18921
01hryy,Naruto,18907
01qbl,Cymbal,18684
03k3r,Horse,18636
02mk9,Engine,17935
03jm5,House,17902
0hr5k,Festival,17786
04c20y,Highlight film,17596
01cgz,Boxing,17391
021dvx,World of Warcraft,15619
0j24v_k,Call of Duty: Black Ops II,15509
02988_,Four-wheel drive,15401
015p6,Bird,15222
07y_7,Violin,15059
0c4f_,Weight training,15019
09qjj,Skateboarding trick,14962
03qc82_,Recreational fishing,14920
01vq3,Christmas,14860
03bwwx,Warcraft,14808
03xbw,Ice skating,14727
0kw6d,Driving,14706
07_tb,Video game console,14703
0vg8,Airline,14482
04r_8,Microsoft Windows,14404
01hh79,Landing,14394
05b1n7,Pokémon,14332
04n3w2r,League of Legends,14239
0byj4,Combat,14181
0dhz0,Airliner,13840
0l8fl,Model aircraft,13834
0f4s2w,Vegetable,13739
0hnbsn3,Samsung Galaxy,13621
01vdm0,Electronic keyboard,13609
0ctrp,Sport utility vehicle,13465
03mr6,Hockey,13310
053scx,Radio-controlled aircraft,13022
0dxrf,Frying,12912
025zp2s,Eye shadow,12733
0270h,Dessert,12575
018hzk,Cooking show,12556
03f_kc,Battlefield,12441
05s2s,Plant,12424
012xhn,Slam dunk,12279
05qdh,Painting,12219
0bh9flk,Tablet computer,12214
05h5q84,Call of Duty: Modern Warfare 2,12162
04yr41,Drifting,12156
0dr19,Rallying,12155
04ndr,LEGO,12124
02hk9c,Grand Theft Auto: San Andreas,12005
03ykjs9,Comedy,11990
035f_j,Off-road vehicle,11967
04h5c,Locomotive,11914
09b3v,The Walt Disney Company,11878
015z_b,Takeoff,11871
010jjr,Amusement park,11843
0d7s3w,Puppy,11838
01l8t_,RuneScape,11743
0gff_kj,Call of Duty: Modern Warfare 3,11670
01lp7f,Motocross,11553
09cjl,Airport,11481
0k2dm,Dragon Ball,11478
05wkw,Photography,11470
0bwm8y4,Call of Duty: Black Ops,11363
06rrc,Shoe,11275
0lyyx,Radio-controlled car,11101
0ltfs,Bride,11048
08b26_,Sonic the Hedgehog,11005
01gl72,Skatepark,10953
0mkg,Accordion,10857
027x0j,Mascara,10778
015y8h,Jet aircraft,10762
033th,First-person Shooter,10730
04h6hv,Halo,10694
0dv5r,Camera,10611
071k0,Skiing,10378
016yx7,Gym,10236
02ywx,Final Fantasy,10235
0fzyg,Aviation,10211
09x9g,Marching band,10206
0_mjp,Mountain bike,10202
02k_k3t,Ford,9902
01kcd,Brass instrument,9780
02pyg,Extreme sport,9765
010wgnk7,FIFA 15,9659
037b2q,Sasuke Uchiha,9475
01yrx,Cat,9457
0cvq3,Pickup truck,9443
021mp2,Sedan,9425
04scj,Meat,9423
017yh,BMW,9349
063r3,Parade,9329
014f__,Supercar,9161
0fszt,Cake,9153
0149r,Aquarium,9150
023j4r,Nail,9056
0866r,Weather,9052
083kb,Weapon,9002
06_g7,Surfing,8935
06ht1,Room,8928
067gh,PlayStation 3,8877
02qt6tp,Call of Duty 4: Modern Warfare,8848
09ct_,Helicopter,8820
06ncr,Saxophone,8809
01c648,Laptop,8799
06mmr,Star Wars,8795
02plp2,Xbox 360,8655
03pty,Hotel,8652
0d76r,Arcade game,8621
02rc4d,Goku,8596
0167gd,Doll,8492
025m070,Newscaster,8377
07ywl,Volkswagen Passenger Cars,8117
05nj_s,Exhaust system,8105
01cmcs,Hatchback,8013
09l9f,Carnival,7926
06c7f7,Lipstick,7921
026kds,Wii,7892
01m3v,Computer,7869
017h86,Action figure,7853
06zdj,School,7815
07656,Sonic the Hedgehog,7787
09rvlp4,iPad,7780
0fg019,Eye liner,7736
0d6n1,Ballet,7729
02gx17,Heavy equipment,7666
06h7j,Running,7628
0dv34,Baking,7564
0195fx,Rapid transit,7555
01d1dj,Coupé,7548
09rgp,Road bicycle,7399
04030j,Nail polish,7349
01mtt,Card game,7229
034v_,Gardening,7220
01bjv,Bus,7208
0zdksk1,Nail art,7200
0krfg,Meal,7160
05rj2,Playing card,7146
0233c,Counter-Strike,7069
07bs0,Tennis,7042
07cmd,Tank,7029
0722qs,Grand Theft Auto IV,7025
06q74,Ship,6993
0xm0m9r,Chevrolet,6984
01chg,Bollywood,6912
06w7n5d,BMX bike,6858
09qgm,Snowboarding,6853
019tzd,Mountain biking,6820
0271t,Drink,6794
025t5bz,Rouge,6746
0h5y1j0,Toyota,6730
079pq,Street Fighter,6654
05cwrp,Super Smash Bros.,6620
01sfb5,Underwater,6588
03mh0vs,The Sims,6536
019cfy,Stadium,6525
017rnr,Amusement ride,6509
01fzz2,Pony,6479
0hbfd,Kickflip,6478
02vrbp4,Metin2,6474
07_l6,Viola,6463
01f4cc,Manicure,6435
07c52,Television,6429
0b3yr,Beach,6428
09p5m,Hunting,6413
06_dn,Snow,6391
020vl,Chocolate,6364
0r4_kmc,PlayStation 4,6363
021bp2,Simulation video game,6312
010l12,Roller coaster,6305
083vt,Wood,6302
09kjlm,Sneakers,6275
01vnt4,Timbales,6236
027mn6z,Afro-textured hair,6185
02ks74,Need for Speed,6174
0397w,Gymnastics,6059
0641k,Paper,6042
06fgw,Robot,6031
070kp2,Diatonic button accordion,5985
0g8p9,Farm,5970
052mx,Mercedes-Benz,5956
02yjc,Fighter aircraft,5906
09xzd,Chevrolet,5888
07glzq,Sketch,5876
07k1x,Tool,5869
01d5g,Batman,5844
0cfpc,Loudspeaker,5819
0lwkh,Nike; Inc.,5752
0bl0l,Garden,5735
05y4t,Paint,5696
071p9,Ski,5696
09kjpq,Underwater diving,5687
01mfj,Computer hardware,5679
01r_pn,Race track,5668
01xqw,Cello,5660
0dw7n,Digital camera,5622
02rlv9,Motorboat,5574
0dmq2,Scooter,5566
078ffw,Harry Potter (Literary Series),5562
076yyd4,Assassin's Creed,5496
02k_kxs,Honda,5473
0h1fd30,GoPro,5469
03y0gtw,Battlefield 3,5458
0cqrz,Fishing rod,5427
0mcx2,iPod,5407
0dlkwn1,Dota 2,5388
05h0n,Nature,5368
07j7r,Tree,5315
02gqhg,My Little Pony,5310
0py27,Train station,5238
0vphbfj,Xbox One,5217
01d40f,Dress,5197
03_qm,Jeep,5168
012n4x,Firefighter,5157
0l14j_,Flute,5140
054zr,Rail transport modelling,5126
02dkrm,Resort,5113
0f25w9,Chicken meat,5095
02xwb,Fruit,5071
04ctx,Knife,5052
0r4kr10,Dashcam,5039
0381zh,Slide show,5032
0cgh4,Building,5032
07d5v,The Legend of Zelda,5025
0d4wf,Kitchen,5011
068h9f,Touhou Project,5001
0b_rs,Swimming pool,4996
0g6b5,Fireworks,4991
06bqd,Rugby football,4974
0vpk6by,Clash of Clans,4944
0h5wtyy,Volkswagen,4937
0hjzp,Kitten,4900
018ng8,Television advertisement,4898
0rphm0f,Battlefield 4,4881
0jxxt,Horse racing,4877
0cf89,Subwoofer,4870
0fkw3,Flour,4846
02z6z4v,iPod touch,4828
04h2l3,MapleStory,4820
0c03cdz,World of Tanks,4818
0263qsk,Music festival,4756
01xmqj,Figurine,4746
0t_fv9h,Xbox,4718
018gz8,Comedian,4709
04spm,Manga,4699
0by3w,Jumping,4692
036vg6,Wrestling,4684
07gql,Trumpet,4655
08xkv3,Kingdom Hearts,4653
01x9mn,Dough,4642
014sv8,Eye,4580
0dwfc,Resident Evil,4563
0d1pc,Model,4563
019dx1,Home appliance,4552
0288qz7,Guitar Hero,4551
0kyqzxz,FIFA 13,4540
02x8rd,PlayStation Portable,4494
0gjkl,Watch,4494
04ypm0,Pro Evolution Soccer,4491
08zvcl,Enduro,4475
0k50,Audi,4464
013y1f,Organ,4460
0466kx,Off-road racing,4447
033q3s,WWE 2K,4427
04_fs,Muscle,4407
02w3w,Fiddle,4401
04gmzj,The Elder Scrolls V: Skyrim,4399
02_5h,Figure skating,4395
0bmjxs9,Nintendo 3DS,4394
09w24,Ice dancing,4382
01jnzj,Construction,4381
02_41,Fire,4374
01hk87,Braid,4347
06ys2,Spider-Man,4331
01_f03,One Piece,4327
01rwk,Climbing,4323
03nk0g,News program,4312
0466q6s,BMW Motorrad,4306
06z6r,Human swimming,4291
01nblt,Apartment,4281
01280g,Wildlife,4243
0d1t3,Dressage,4232
01f5gx,Eating,4220
048fg,Kickboxing,4193
0sggtt_,Call of Duty: Ghosts,4163
04njq1,Scuba diving,4150
033cnk,Egg,4147
01w1d3,The Elder Scrolls,4112
0drh_,Origami,4084
04k84,Light,4019
01r3hr,Running back,4003
039j4m,Fishing lure,3993
05l9t3,M.U.G.E.N,3963
03f6tq,Living room,3954
03dhbp,Transformers,3945
013m1,Air force,3936
0qk4n,Ford Mustang,3932
04fdw,Kayak,3897
01k32j,Gohan,3864
01514,Ballroom dance,3858
09qqq,Wall,3840
01wb7,Church,3832
0nkr2,Sheet music,3824
0n5v01m,Bag,3822
099md,Soldier,3819
05qnqx,Concealer,3819
0mz8t,Sewing,3794
02b9x,Drag racing,3787
01xsb3,Classic car,3770
019w40,Surfboard,3763
0h3mtz0,Destiny,3757
09b5t,Chicken,3757
09b1k,Walt Disney World,3742
01lgkm,Recreational vehicle,3726
0c_jw,Furniture,3724
05zmb,Parachuting,3716
02021,Chipmunk,3712
016vdf,Mega Man,3699
0404d,Jewellery,3697
037b28,Sakura Haruno,3674
03chwgt,Street Fighter IV,3646
06l8d,Restaurant,3630
04zfy,Mario Kart,3629
01b7fy,Headphones,3625
04f34h,Halo 3,3605
02rs44,Speedometer,3597
010gp6bl,Call of Duty: Advanced Warfare,3595
04_bsf,Wheelie,3582
02_58j,Bedroom,3553
01h80k,Muscle car,3544
0168g6,Factory,3540
06cnp,River,3539
047fr,Knitting,3533
039h3r,Yu-Gi-Oh! Trading Card Game,3519
01gqy7,Tekken,3495
019sc6,Lighting,3489
014mnd,Circus,3479
01vfsf,Guitar amplifier,3475
03c3vj4,PlayStation,3471
07tf8,University,3460
034wh,Graffiti,3456
074l3b,Radio-controlled helicopter,3448
09gltp8,Call of Duty: Zombies,3440
0hm03,Trail,3432
0ds72z0,Multiplayer online battle arena,3412
01mr6j,Cookware and bakeware,3392
0bt_c3,Book,3390
01h6d4,Camping,3385
066kp,PlayStation 2,3383
018xm,Ball,3364
01h5q0,Indian cuisine,3335
01sg9l,Nightclub,3335
06vmrv,Lego minifigure,3335
015w6q,Barbie,3329
01bjxx,Camera lens,3319
0gvrl5w,Go-kart,3315
0bs_x,Dodge,3315
0d_fj,Hockey puck,3305
01hp05,Thomas the Tank Engine,3301
057879,Garry's Mod,3288
0cnz5pd,Monster High,3256
08854,Yacht,3227
0f7kfd,Auto Race,3214
0216z,Collectible card game,3212
04f20t,Digital SLR,3194
07_lq,Vegetarian food,3190
01bgsw,Toddler,3189
0qffzrl,Xbox,3189
06c9r,Role-playing game,3167
06y0w2,Rail freight transport,3159
07tn5,Unidentified flying object,3155
02nnq5,Longboard,3148
02chzf,The Sims 2,3147
0205x8,Madden NFL,3142
019qw9,Convertible,3120
04mtl,Lamborghini,3110
0c1tlg,Quadcopter,3081
01_pxf,Honda Civic,3078
0gls6tt,Wii U,3076
0gv1x,Parrot,3067
01tv9,Cream,3049
01m4t,Printer,3046
03w992h,The Sims 3,3044
0h9mv,Tire,3039
0h5wwjv,Subaru,3014
09t70c,Littlest Pet Shop,3012
05qc_,Planet,2992
0grw1,Salad,2973
0hsrw,Sailboat,2967
06w58cc,Sony Xperia,2959
0g2bc,Unmanned aerial vehicle,2955
09wcn_,Mortal Kombat,2945
01tq2l,Cruise ship,2935
0983v,Barbecue,2933
077hz,Slot machine,2927
02vr15q,Naruto: Ultimate Ninja,2925
03bx07d,Longboarding,2918
064p9fm,Halo: Reach,2910
0c3ynbd,Stitch,2890
065_q7h,Monster Hunter,2854
06__v,Snowboard,2852
0q56v,Game controller,2848
0h1j7,Paragliding,2844
0db10c,Mud bogging,2837
0zd6,Macintosh,2830
05tfch,Road bicycle racing,2830
09728,Bread,2825
07hmh8,Dofus,2805
04_0qz_,Gears of War,2800
02qty_5,StarCraft II: Wings of Liberty,2800
03hftlt,Synthesia,2797
083wq,Wheel,2791
01hzl4,Wig,2773
015zzv,Runway,2765
0cyfs,Parachute,2763
03n2_q,Home improvement,2761
03vt0,Insect,2751
028mzr,Hair coloring,2739
06gfj,Road,2727
0c5mq,Printing,2714
01j2bj,Bathroom,2712
0h6jq73,iPhone 4S,2707
01xq0k1,Cattle,2701
05vtc,Potato,2699
03pby,Handheld game console,2692
011s0,Advertising,2686
02xj68v,Rock Band,2678
0h2r6,Van,2677
0838f,Water,2670
089v3,Zoo,2646
01tn_k,Play-Doh,2644
0cmvn,Kinder Surprise,2643
01nn79,Samsung Electronics,2636
02cp5,Dragon,2633
018wwb,Volkswagen Golf,2630
01tkqy,Stunt Performer,2630
012v4j,Hiking,2624
021c2n,Metal Gear,2614
030l0z,Bleach,2611
012ndj,Fire engine,2604
027g6wt,Santa Claus,2600
04n3_w4,Fiat Automobiles,2600
03f52z,Eyelash,2598
025dcx,Gran Turismo,2597
0dxlf,Grilling,2578
02r60,Elevator,2577
09xp_,Cricket,2574
05zxk,PlayStation,2545
07jbh,Table tennis,2538
0h59_,Ice skate,2533
05j0w,Nintendo Entertainment System,2525
0326g,Flamenco,2509
0c0ygc,Stallion,2505
06wyv,Steam engine,2504
096mb,Lion,2482
06c4_m,Baseball park,2478
03bxt6z,Runway,2478
0605m,Plough,2468
0jp31,Sail,2466
01x3jk,Snowmobile,2450
018j2,Banjo,2450
03s883,Counter-Strike: Source,2448
0cqvj,Bass,2442
03qjg,Harmonica,2440
0gg4gh4,iPhone 5,2438
01z1m1x,Soup,2427
0xnjb78,Farming Simulator,2424
04p746,Squat,2422
0c23pz,Mare,2421
0687y,Prayer,2414
04lh058,CrossFire,2408
0j25zyj,Drum stick,2393
013s93,T-shirt,2390
0dxn2,Roasting,2389
06bgw,Quartet (ensemble),2388
09759,Rice,2386
015k42,Renault,2380
07c6l,Trombone,2374
0byb_x,Talent show,2359
04czc9r,Diablo III,2359
03_163,Barbell,2354
06bt6,Reptile,2350
021mn,Cookie,2348
01j25p,Chevrolet Camaro,2343
02gnkg,Ryu,2329
0975t,Clay,2329
0663v,Pizza,2318
01v_x,Cube,2310
03hcy1d,Mitsubishi,2301
03hsp2,Beyblade,2301
04sh3,Medicine,2298
047b2wf,Call of Duty: World at War,2296
0h9qh,Monster,2294
03p2vx,Mixtape,2286
0gk_mqh,Forza Motorsport,2285
02dgv,Door,2283
0grqz,Sauce,2277
0ffb1b,Taiko no Tatsujin,2275
04h4w,Lake,2275
03qlv7,Tenor saxophone,2274
01m2v,Computer keyboard,2259
0fqq_84,PlayStation Vita,2256
01wy6,Clarinet,2251
073pnt,Defense of the Ancients,2249
01dyf7,Sora,2241
02522,Computer monitor,2238
01qr50,Mud,2222
08057vx,Super Street Fighter IV,2213
0h0b5,Rubik's Cube,2207
03czhy,Guild Wars,2203
02lx2r,Album,2197
01d30f,Teacher,2195
0lyw6,Model car,2192
09gjmvw,The Twilight Saga,2185
01ksf2,Combine Harvester,2181
06ypr,Sailor Moon,2177
01bfwv,Mixing console,2160
01mxf,Concrete,2153
0cnyhnx,Bull,2152
0lvmz,Puzzle,2149
0309bs,Card manipulation,2142
07pbfj,Fish as food,2135
01nkt,Cheese,2132
03d2wd,Dining room,2131
0137k8,Boeing 737,2129
0h1z6f,Lego Star Wars,2122
0dmpm,Moped,2119
02r2r7r,Pokémon X and Y,2115
05r1j,Poker,2108
01dv4h,Portrait,2104
02_39h,Asus,2102
0kzwm,Luigi,2102
0l7_8,Floor,2097
0svln,Inuyasha,2086
01yg9g,Lawn mower,2084
015ll,Board game,2082
07j87,Tomato,2076
01s6cj,Lip gloss,2075
03jj52,Tabletop game,2070
0c4xc,Sitcom,2061
01z1kdw,Juice,2060
03vr13,Tibia,2060
0hnws,Iron Man,2058
0158_5,Cockpit,2058
0ch8v,Livestock,2056
01lr2,Central processing unit,2054
0dvzv,Final Fantasy VII,2051
0hg7b,Microphone,2048
01ryw4,Zee TV,2037
06r6dr,The Lego Group,2037
0gvv097,FIFA 12,2034
03j1ly,Emergency vehicle,2032
085n4,Website,2021
0136wj,Super Smash Bros. Melee,2020
01814z,Bodyboarding,2020
0ck7l,Ninja,2017
04bcr3,Table,2016
0f2y0,Darth Vader,2011
01b82r,Saw,2007
03vtj,Ice,2007
0174k2,Washing machine,2001
0cxn2,Ice cream,1993
057ph,Mickey Mouse,1993
040kqv,Rallycross,1993
0569zg,Beauty salon,1992
04rhz,Magic: The Gathering,1986
02j71,Earth,1981
06wbjh_,Point Blank,1969
0rf7hx0,Samsung Galaxy Note series,1958
0bx_y3w,Television set,1952
080hkjn,Handbag,1949
01hpbc,The King of Fighters,1948
07yjb,Vampire,1943
0by6g,Shark,1939
0513yzt,Ballet Dancer,1936
0sghnxp,DayZ,1936
02j9dp,Gibson Les Paul,1935
0289n2z,Edward Cullen,1935
0hx2x,Dune buggy,1933
06z04,Skin,1933
039r_,Gliding,1933
09d_r,Mountain,1931
056gfb3,Hetalia: Axis Powers,1924
0192l,Bagpipes,1919
04ttsh,Dirt track racing,1918
0gw_v4q,DarkOrbit,1912
0gvswb4,Halo 4,1911
02qm2x,Icing,1907
012h24,Comics,1904
018lrm,Arena,1903
0j2kx,Waterfall,1903
0c0bg9c,iPhone 4,1902
0vpl2cc,Batman: Arkham,1900
0wy1rqq,ARMA,1895
06mb1,Rain,1893
070vn,Superman,1889
02pl1rd,Nissan GT-R,1885
0d38m,Marathon,1883
0gx1mcc,Super Smash Bros. for Nintendo 3DS and Wii U,1877
03qzgq,Rock climbing,1873
01j51,Balloon,1866
03hjsy,Mercedes-AMG,1860
0hn9pm7,Google Nexus,1858
0hr1s_w,Curry,1857
063w2,Pencil,1850
025vn5m,Guitar Hero III: Legends of Rock,1850
09kx5,Deer,1849
05z55,Pasta,1845
0dgrmp,Goalkeeper,1845
04d__1z,Fishing bait,1838
017y8_,Terrier,1834
03l34,Hard disk drive,1833
02p0w7s,Parakeet,1831
05q4qn2,Plants vs. Zombies,1825
01833w,Outer space,1817
049d8b,Computer case,1815
03k26d,Stretching,1812
01445t,Athlete,1812
0gl8r,Red Bull,1809
077rm7,Kamen Rider Series,1809
0dnr7,Textile,1806
01h75d,Biceps,1804
0mfnf,Noodle,1804
03krj,Handball,1798
04r40,Land Rover,1796
01c0z,Battery,1793
01g8dv,Chevrolet Corvette,1791
0478y78,Combat Arms,1786
01dws,Bear,1777
047vmg8,Rim,1766
04zpv,Milk,1762
01sfl,Clown,1762
023cbk,Cargo,1756
053wn,Maize,1754
03v0xl,BMW M3,1748
04wv_,Moon,1746
04_x4,Money,1744
026bs1g,Roblox,1744
03p1r4,Cupcake,1741
06zgpx,Traxxas,1736
01h3n,Bee,1731
05fc9mj,Christmas decoration,1730
03mb156,Headset,1730
06w46pn,Hatsune Miku: Project DIVA,1725
0j9k952,Microsoft Lumia,1721
015m2,Bead,1717
0zvk5,Helmet,1716
09tzjm,MacBook,1714
07tl9y,Sega Genesis,1707
07vwy6,Street art,1707
03mn0k,Jeep Wrangler,1705
045n4,Jedi,1704
07j2f,Tattoo,1701
0409cr_,Optimus Prime,1700
03m3vpb,Gran Turismo 5,1697
064ltt5,Mass Effect,1696
0ft5b,Pachinko,1691
039jq,Glass,1691
038sbw,Tales,1689
03cc4cp,Dragon Ball Z: Budokai Tenkaichi,1689
0llzx,Sewing machine,1687
0fq2q69,Movieclips,1683
0k_8p,King Koopa,1682
0971v,Beef,1682
0nb7ylv,Angry Birds,1677
02f_mj,Loader,1675
01wt5r,Water park,1674
01knyw,Silage,1674
01599,Beer,1666
04799yl,AdventureQuest Worlds,1656
06nwz,Seafood,1652
03m5k,Harp,1651
01bdy,Bowling,1651
01ln6f,Washing,1649
019qky,Dragon Quest,1647
0hf35,Volkswagen Beetle,1643
0jgf9,BlackBerry,1633
0p6vc,Joker,1632
0ctsx,Coral,1629
01b638,Boot,1629
04p168,Cue stick,1622
0k5c3,Mermaid,1621
0h5wp8d,Hyundai,1617
02q25c_,Guild Wars 2,1613
01v50j,Crane,1613
0dxr0,Stir frying,1607
05z6w,Penguin,1602
024g6,Cocktail,1600
021mh_,Stuffed toy,1599
0w_ghcf,iPhone 5s,1591
0fq74z3,Rock Band,1590
01jm5c,Grand Theft Auto: Vice City,1587
011lx,Acrylic paint,1584
02vzy4t,Far Cry,1583
015z8s,Airbus A320 family,1582
0639f2,Gears of War,1581
025v24r,Updo,1577
018ktp,Watercolor paint,1573
07zm_g,Tractor pulling,1571
01v327,Lawn,1567
0h3pbtb,Borderlands 2,1565
026w6hh,Tekken,1562
02lvs2,Subaru Impreza,1561
029bxz,Oven,1558
07608d,Carl Johnson,1558
01dhjg,Ten-pin bowling,1555
04c5wj,Reef aquarium,1551
05sp5n,Kingdom Hearts II,1550
07cx4,Telephone,1542
031sx9,Batting,1535
01vnb,Comic book,1535
065qh,Porsche 911,1531
027qg4,Pokémon Trading Card Game,1530
0km5c,German Shepherd,1529
01940j,Backpack,1524
0150fh,Ultralight aviation,1523
02qvql,Mower,1520
07kfm,Tram,1511
03877,Game Boy Advance,1510
04t7l,Metal,1505
09dzg,Turtle,1501
015jwr,Swing,1500
0bpgx,High school,1498
02r_57s,Cake decorating,1497
026pb4h,Left 4 Dead,1495
0cdn1,Hamburger,1494
09ddx,Duck,1492
06wc7ym,Lego City,1489
015j7,The Bible,1485
0d31p,Vacuum cleaner,1485
064n76s,Left 4 Dead 2,1481
02crk,Diesel engine,1480
01z9v6,Pitcher,1479
0gm28,Candy,1479
0cj6x,Sowing,1474
0532x8,Digimon,1469
0l515,Sandwich,1463
0242l,Coin,1463
0gmf1d0,Warface,1462
06hyd,Roof,1462
01j61q,Tent,1461
010hn339,Pokémon Omega Ruby and Alpha Sapphire,1460
0f_h9h,Donkey Kong,1456
016676,Aerobics,1456
01399x,Pipe organ,1455
04q3kvg,Star Wars: The Old Republic,1444
0174nj,Gramophone record,1440
0cqpb,Trout,1436
0250x,Costume,1432
0122jw,Drum and bugle corps,1432
02mtys,BMW 3 Series,1429
05kmnn,Strum,1428
02_444,Trampoline,1428
020rfd,Supermoto,1424
0m8_b,Boeing 777,1420
03wl_x,Gundam,1419
02m6x0,Mitsubishi Lancer Evolution,1419
0cjyh2,Dance studio,1417
0ffgr0,Aion: The Tower of Eternity,1416
0cm8j5d,Achievement,1416
011qbg9n,Five Nights at Freddy's,1413
02c66t,Wedding dress,1412
0bzwl,Teenage Mutant Ninja Turtles,1410
03lydk,Hair conditioner,1408
06mf6,Rabbit,1407
0hv6w,Logging,1406
0395lw,Bell,1405
0d84n,Gift,1404
08p5yb,Silkroad Online,1404
0403lcy,Netbook,1404
0hzrtr5,Euro Truck Simulator 2,1401
01_zvr,Latin dance,1398
0hchp,String quartet,1396
0hf73,Aerobatics,1395
07k4r,Tai chi,1393
0280wht,Smartwatch,1392
02q39kh,Devil May Cry,1386
0dzct,Face,1384
02l2fg,Total War,1383
01gt7,Boeing 747,1383
01x1wl,Shadow the Hedgehog,1379
0ggbcny,iPad 2,1379
02ppnm,Stove,1376
01ft5b,Kindergarten,1375
0kypr,Super Mario Bros.,1372
0cqsc,Fishing reel,1371
020lf,Mouse,1371
081qc,Wine,1371
0gttlrk,Terraria,1370
0194d,Badminton,1370
015kr,Bridge,1367
03wjyj,Simba,1366
04lbp,Leather,1357
01x3z,Clock,1355
09cmq,Museum,1353
013992,Lathe,1351
0grtl,Steak,1345
0680x0,String,1344
02jzr,Easter egg,1339
04969,Kick,1333
09w1n,Alpine skiing,1333
029j_,DVD,1331
02zq2n,Raw food,1330
0syjz,Video card,1329
02kyqy,Roadster,1328
0d10d,Largemouth bass,1327
0zt90qx,Yo-Kai Watch,1326
0rysk0k,Hearthstone: Heroes of Warcraft,1324
0gtxdb2,Attack on Titan,1322
01j_h3,Subaru,1318
06nh1,StarCraft,1317
01t2ln,Police officer,1312
04dr76w,Bottle,1312
084bl,Wakeboarding,1308
03gfsp,Ceiling,1307
05h5q_s,Glider,1307
07gyp7,McDonald's,1307
03d8m_,Monster truck,1303
01h7tx,Roller skating,1302
02_cz4,Foreign Exchange Market,1301
05h1vm_,God of War,1300
01kr8f,Illustration,1300
0frq6,Pork,1296
07rgn,Hulk,1295
099fz,Sand,1293
0j3fb8x,Assassin's Creed III,1290
09tzfp,MacBook Pro,1290
02fbcn,Bartender,1289
01zj8b,Solo dance,1289
0dwsp,Marimba,1282
0j_5h1r,Need for Speed: Most Wanted,1281
0362v5,Chopper,1278
05h5m,Nintendo 64,1275
0ncl8zk,British Broadcasting Corporation,1274
0kym_,Super Mario World,1274
032b3c,Jacket,1273
029g6_,Marvel vs. Capcom,1269
01kr41,Mask,1265
03nwsj,Hair iron,1265
0p8xwrr,Dark Souls II,1260
06mv6,Star Trek,1260
02p8p45,Itachi Uchiha,1260
04652sq,Saints Row,1259
03n0sf,Afro,1259
028c4_,Hot rod,1259
0pm67d7,Crash Bandicoot,1257
0fg_n,Shampoo,1255
025nd,Christmas tree,1254
0892cv,Battery charger,1254
06b1q,Quarterback,1253
01qfxb,Castlevania,1252
03p6y5,Nissan Skyline,1251
03qcgj7,Tower defense,1245
01j90l,Booster pack,1244
02r2br8,ARMA 2,1241
026nrxk,Marriage proposal,1237
02f879,Halo 2,1236
03tn42,Video game arcade cabinet,1234
01mzpv,Chair,1232
02gkbm,Link,1231
05jl8d,Final Fantasy XIII,1227
05gk5c,Bowling ball,1225
08c7kb,Fingerboard,1225
01gllr,Beehive,1223
0rytj3p,Candy Crush Saga,1222
04rzd,Mandolin,1222
06f76,Router,1219
0ngv0kh,Hair twists,1217
02zt3,Kite,1217
02g387,Egg,1217
01kf53,Freeza,1215
04rvm4,Resident Evil 4,1215
01_bhs,Fast food,1213
04n7g,Lexus,1211
02x7rh,Muffler,1210
05256q_,Glider,1208
05vq_d,Yamaha YZF-R1,1205
0wymnq_,Tower of Saviors,1204
05f5g1r,Artificial nails,1204
01j4z9,Chainsaw,1202
01c34b,Flooring,1200
0crdwmb,Kawasaki motorcycles,1200
0hw5w,Hijab,1199
09xng7,Diablo,1197
076wqf3,Pokémon HeartGold and SoulSilver,1197
02bl6q,Ash Ketchum,1195
09rvcxw,Rocket,1194
02hvd,DC Comics,1194
013317,Anpanman,1194
023q2z,Cinema 4D,1192
05hp41,Car wash,1190
086nh,Web page,1189
02qfx,Embroidery,1186
039b5,Galaxy,1184
01dydr,Kingdom Hearts,1184
084zz,Whale,1179
0tkkm8x,Gran Turismo 6,1178
04blr,Knot,1176
015zny,Metal detector,1174
03qrc,Hamster,1173
02w8hn5,Counter-Strike Online,1172
09nyy,Juggling,1171
01d380,Drill,1167
09777,Salmon,1165
0hf2p,MINI Cooper,1162
026pc7x,Torte,1162
03hfn0,Backpacking,1161
05wn0,Pump,1161
0jb2l,Thunderstorm,1161
0hcjm,Brake,1152
03wb2z,Suite,1152
02chd9,Brush,1152
051hrr,Electronic drum,1151
05hhmd,Ollie,1151
07fbm7,Strawberry,1150
058hry,Smoothie,1148
06w9fz2,Uncharted,1147
02hq_z,Hot Wheels,1144
07_9_,Volcano,1143
0k1tl,Pen,1142
02pd0fx,Perfect World,1139
02prftv,Kirby,1137
020ys5,Condominium,1137
05p4n6c,Plarail,1137
025t6n0,Video camera,1136
019brn,Dreadlocks,1136
0d4v4,Window,1134
0ch58lj,Dragon Age,1134
0h2c3,Ibiza,1134
01ly55,Dynasty Warriors,1132
05f7df5,Battlefield: Bad Company 2,1128
0fgjvt,Portal,1128
01115tfp,NBA 2K15,1128
01h4t2,Tails,1127
0161qz,The Legend of Zelda: Ocarina of Time,1125
027j3vt,Pirates of the Caribbean,1124
01rmm7,Laser lighting display,1124
021w6f,Tile,1124
07zvq,V8 engine,1123
03p66g,Crossover,1122
07xyvk,Coffeemaker,1121
03nfmq,Architecture,1121
02hj4,Dolphin,1119
01llwg,Necklace,1117
046d80l,MINI,1115
0j63n06,WWE '13,1112
0g53cct,Lamborghini Aventador,1111
022pgh,Electric locomotive,1111
07nvf,Tarot,1111
0jjc,Aikido,1110
07m2y,Tuba,1110
0ph39,Canoe,1109
01r071,Fender Telecaster,1108
0km3f,Labrador Retriever,1104
05zpvls,Carp fishing,1102
0q593,Dietary supplement,1099
01nz0z,Bar,1098
0284w,Desert,1096
0dccjy,Lightning McQueen,1095
08yjg0,Need for Speed: Most Wanted,1095
09xp2,Sailor Moon,1095
0bp_wy,Oil,1095
025rs2z,Gold,1094
025dp,Captain America,1094
04qvtq,Police car,1093
09qck,Banana,1093
07s84qp,Tanki Online,1092
05rd2s,Street racing,1091
060d2,President of the United States,1089
0mjqn,Pie,1089
015l7,Beadwork,1088
0dm00,Sketch comedy,1086
0m95s,Lace,1086
02pjr4,Blender,1086
0174n1,Glove,1084
06ngk,Star,1078
03gzqq,Golf club,1078
066858v,iPhone 3GS,1072
029tx,Dinosaur,1072
09dh0,Seed,1071
0h5xl4x,Kia,1071
032wfk,Road racing,1071
01xs30,Personal water craft,1068
0b0myd,Radio-controlled boat,1068
0hwf,Alphabet,1064
0clpml,James Bond,1064
04zlcx,French braid,1061
07bgp,Sheep,1061
01w_gm,Plaster,1057
03gv5h,Forage harvester,1057
01q5hj,Halo: Combat Evolved,1055
0f9qdc,CDJ,1055
027gfj,Ragnarok Online,1052
02q9ddz,Eyelash extensions,1048
02jmwz,Honda CBR series,1046
0h9627p,Ski-Doo,1045
03cg49,Christmas lights,1044
0cz1zj,Dean Winchester,1043
05_wxv,New Super Mario Bros,1043
03dd2l,Trunks,1041
065pg2,Tekken 6,1041
010pnpg3,Battlefield Hardline,1039
02ll1_,Lock,1039
027qpg5,Ford Focus,1039
0ljc_,Cartoon Network,1038
078jl,Snake,1037
089d3z,Roland V-Drums,1037
03kpnc,Glitter,1034
0vxcbr5,NBA 2K14,1032
015_x,Cue sports,1031
0665cp,Love song,1030
02kvytt,Thread,1029
068zj,Pig,1029
03qdtry,Portal 2,1027
0h_cn_1,Samsung Galaxy S III,1024
05h3dg2,Mortal Kombat,1020
0jyfg,Glasses,1020
01hhxw,Pokémon Ruby and Sapphire,1019
044yrn,RollerCoaster Tycoon 3,1017
09y2k2,Italian food,1014
02_pk7,Military parade,1014
01yvs,Coca-Cola,1013
07hjh,Tyrannosaurus,1012
09l0j_,Ring,1011
025h5s,The Lord of the Rings,1008
0fly7,Jeans,1007
0xnnv15,Rainbow Loom,1004
057gn,Minivan,1003
01k3tq,Bulldog,1002
01nrwb,Pikachu,1000
06lp84,Resident Evil 5,999
026bm66,Pull-up,999
07l5g,Turbine,996
014j1m,Apple,995
06m_p,Sun,995
0bwd_0j,Elephant,994
04rd7,Mural,993
04gl3z5,Dragon Nest,992
042ck,Japanese Cuisine,991
026w8x,Fullmetal Alchemist,986
06psh,Škoda Auto,982
0j_5wc8,Watch Dogs,980
0h1gqk6,Ultimate Marvel vs. Capcom 3,979
0406m4_,Naruto: Ultimate Ninja Storm,979
03ylns,Baby carriage,978
04_tb,Map,974
0lyf_,Greenhouse,973
0dq6p,VHS,972
03jqf3,Chevrolet Silverado,968
07030,Sushi,968
0d1n09,Super Mario Galaxy,967
0184rb,Pond,965
0glqc_l,Transformice,965
03nzg,Home run,965
03thkf,The Doctor,961
0cl19h,Ariel,959
06msq,Sculpture,958
01tqs1,Biscuit,957
06nw33,Wangan Midnight,956
01tkqg,Bulldozer,955
0pk35,Lightsaber,953
0fbm_g,Slopestyle,952
05jh_c,Spa,951
0299nd,Toy train,947
0220r2,Fountain,944
018rl2,Airbus A380,944
074l5,Shiva,943
080npq6,Ram Trucks,943
0768fx,Automotive lighting,942
03qmh,Honey,941
01t46s,Akuma,941
09t4t,Manufacturing,940
02zrvn,Demolition,935
09g1w,Toilet,935
05c0l45,Grand Theft Auto: The Lost and Damned,932
01dwwc,Pancake,932
06y5r,Sword,931
015zbk,Airbus A330,929
03ssj5,Bed,926
02wv_3y,World of Warcraft: Wrath of the Lich King,925
03fwl,Goat,923
0gfjk95,Samsung Galaxy S II,923
010pcp19,WWE 2K15,922
01cytr,Kia Motors,919
0hz4q,Breakfast,918
011_lb,Vespa,916
0by0jvx,Batman: Arkham City,916
027rsld,Kawasaki Ninja,916
0d19zz,Assassin's Creed,915
070m9,Stock car racing,915
03_mdw,Death Note,913
07h9rl,rFactor,911
04p0xr,Pool,911
0k5mc,Minnie Mouse,911
020t4k,Stuffing,910
047ptj,Mitsubishi Lancer,910
09g5h,Spacecraft,909
0r8kzgd,Samsung Galaxy S4,909
0153_5,Microsoft Flight Simulator,908
06yzz,Subaru Impreza WRX,908
0dwx7,Logo,906
0r8m0vk,Assassin's Creed IV: Black Flag,905
05zsy,Pumpkin,903
06m11,Rose,903
079dl7,Chocolate cake,902
07jxly,Majin Buu,900
05hmbl,Princess,900
08pbxl,Monkey,899
023ls,Cola,897
01xs3r,Jet Ski,897
05xnqg,Street food,896
01qh13,Toyota Land Cruiser,895
01tbrk,Lara Croft,893
052sf,Mushroom,892
06bzjv,Minibike,892
03mnql,Ford F-Series,891
0gh5gy,Animal Crossing,890
046vnp,Dump truck,889
086mh,Winter,888
04mvvl,Karaoke box,888
0fw68,Soap,888
0490jd,Art exhibition,886
025rgl,Plush,886
025shfx,Caporales,886
05gz5,National park,886
03lfs8,BMW 3 Series (E36),884
03qr_q,Ferrari F430,883
01jrtz,Kirby,881
025s8bs,Shopping mall,878
03npkv0,Alliance of Valiant Arms,877
015dxd,Knuckles the Echidna,875
03bj1,Giant panda,873
01kb5b,Flashlight,872
040_98,The Elder Scrolls IV: Oblivion,871
04h8sr,Dumbbell,869
01mq7d,Cell,869
02pvw62,Bodyweight exercise,869
01v2xz,Clothes dryer,869
06jvx,Recorder,868
02gy5l,Pilates,868
01r546,Earrings,862
02h5w,Dance Dance Revolution,861
0j_4sm4,Injustice: Gods Among Us,860
01rt97,Sonic the Hedgehog,860
01jk5b,Prom,859
0dv9c,Racket,857
01kn22,Pipe band,857
037qhc,Jumbotron,857
0dm_mb,Pokémon Battle Revolution,856
03dj64,Black cat,855
02vmgp,K-1,849
03v28z,Audi R8,848
02bp2r,Penalty kick,848
0chyh,Butter,848
0kv83d3,WWE 2K14,847
025sf8x,Silver,846
019mbd,Antenna,845
0f5v7,Hello Kitty,843
02syy5,Volkswagen Gol,842
01n32,City,842
01s5xt,Military band,842
0q3yyx6,Samsung Galaxy Tab series,841
0dxnx,Smoking,841
02gq41,BIONICLE,840
0n3s_98,iPad Mini,839
023fm_,Acer Inc.,839
0gldg,Warcraft III: Reign of Chaos,839
01lb5,Chess,838
04nkpf,Paramotor,838
01twlh,Avengers,835
071qp,Squirrel,834
03knc5,Bugatti Veyron,833
03d3jcv,Kratos,832
027_y,Diamond,829
011bdjx8,Pokémon Emerald,828
0j3v12q,Skylanders,827
09kxp,Wool,827
03nlf2w,Electric car,827
0gl0447,Sonic Generations,827
02nxhr,Blu-ray disc,827
018220,Bull riding,825
02h19r,Scarf,825
0_1j0mp,Samsung Galaxy S5,824
04m9y,Lizard,824
04hyxm,Classroom,823
0qsc46_,The Witcher 3: Wild Hunt,823
01g0g,Brick,823
0xmf42g,Pontiac,820
06hz0k,Football boot,820
0dpm1v,Ball,819
0hy7s,Alarm device,817
080gm_t,TalesRunner,816
02hrx1,Inflatable boat,815
0v3gd37,Plants vs. Zombies 2: It's About Time,815
0fx9l,Microwave oven,813
01n4qj,Shirt,813
02qym_8,Gears of War 2,813
03fj2,Goldfish,811
0cy27,Range Rover,810
04lgkkr,Zee Bangla,810
064krrv,Kinect,809
07wg3,United States Navy,809
01sgwn,Logitech,807
05fwb,Number,807
02y5kn,Coach,806
01pfn_,Airbrush,806
01t032,Golden Retriever,805
03x_j12,Acrobatic gymnastics,804
01hzss,Water slide,802
0ddgzqw,Tekken Tag Tournament 2,802
0fj52s,Carrot,801
0dddv4b,Forza Motorsport 4,800
03yx2p,Claw crane,799
03dk1w,Balloon,799
04qx3c,Super Robot Wars,795
01p970,Tabla,794
01s105,Cabinetry,792
06dbhw,Fondant icing,790
0q5js,Yo-yo,789
028zs_,Plasticine,789
0p_9h,Inline skates,788
0h64rz3,Video lesson,786
01ng72,Metalworking,784
024y62,Mercedes-Benz C-Class,784
0kzzb,Yoshi,784
03zm9p,Yuna,782
0m8q5,Quilt,781
02mv6p,Magic Kingdom,780
03f_ln,Battlefield 2,779
0bp_2p,Gown,779
058nt,Marvel Universe,779
03lfsn,BMW 3 Series (E46),779
03yhk,Ink,778
0c2m4,Draco Malfoy,778
026dd,Dune,777
016gvg,Station Wagon,777
02rfzq3,Haruhi Suzumiya,776
0n47jgg,Samsung Galaxy S series,776
0cntwb,Dungeon Fighter Online,776
09sdbh,Luxury yacht,775
0jk_mjx,Hitman,774
04cylb0,DC Universe Online,774
0btp2,Traffic,771
0kw94,Softball,771
05gg9s,The Legend of Zelda: Twilight Princess,770
0328kl,Source Engine,769
0qjjc,Remote control,769
026ph7x,The Hobbit,767
03lfqt,BMW 3 Series (E30),767
0118kdjl,The Sims 4,764
03xvyz,Dodge Ram,764
0gvsjlz,WWE '12,764
0dwr4,Xylophone,763
01n5cy,Carpet,758
02rncz,Half-Life 2,757
0h61x,Cadillac,756
09cws,Mars,756
02rv033,Prince of Persia,755
0hr3kdx,LG Optimus series,755
05_5v5j,Persona,754
0dkbxs,Rayman,753
0h5560h,Dragon Age: Inquisition,750
01kr58,Torero,750
064ln09,Final Fantasy XIV,750
01jpn4,Grocery store,749
07dm6,Tiger,749
02p3csl,Spyro,748
05s_khw,Assassin's Creed II,748
0bhc5j9,Roxas,748
0dv3zf,Game Boy,746
05f6vgb,Need for Speed: World,746
0hnyx,Pastry,746
0hzn_2p,Call of Duty: Black Ops – Zombies,745
0dgr9,Magnet,744
0l3ms,Balance beam,744
07hm9,The Sims,744
02r5gpq,Chrysler,744
01pww0,Chevrolet Impala,743
022hnr,Volvo Cars,741
0bcj4x,Reborn doll,740
0r3vbqy,Harlem Shake (meme),740
0173tc,Chapel,739
01tprb,Hula hoop,739
01_tv0,Honda Accord,739
023s_v,USB flash drive,738
0hsrd,Sailing ship,737
06fn44,Serve,737
012x34,Jaguar Cars,736
03whsdg,Mass Effect 2,736
0162j4,Rafting,735
0gy7v,Guinea pig,734
01h6g_,Campsite,734
0bx_jqg,Assassin's Creed: Brotherhood,734
027cfwk,Standup paddleboarding,731
083kv,Wire,730
0262y8x,Model railroad layout,730
0h545,Homer Simpson,730
0b6w2z,Buttercream,729
06zk0jm,Ferrari 458,728
0x44,Armour,728
06f41,Rowing,727
04rmv,Mouse,727
04dvgq,BMW M5,726
02k5x1,Rubber band,725
010lwj04,Far Cry 4,725
0kz2q04,Warframe,725
020yd1,Medal,724
0gyv1hg,PlanetSide 2,724
09zf31,Jeep Cherokee,723
07k8n3f,Pretty Cure,721
03d1gns,Monster Hunter Freedom Unite,720
02mg4z,Cheesecake,720
0gfk5,Pinball,719
0c8lv,Lord Voldemort,719
02czv8,Birthday cake,719
01dh4v,Command &amp; Conquer,719
046fv7,Jeep Grand Cherokee,718
0c4ykp,Belle,718
010vrf50,Pro Evolution Soccer 2015,717
06xxq1,Suzuki Jimny,713
06kk62,Custom car,712
02s4nd,Ford GT,710
02p3w7d,Roller skates,710
035x0w,Pump It Up,710
01fyrh,Downhill,710
030qmx,Audi A4,709
0371pr,Toyota Corolla,708
0dv_b,Final Fantasy VIII,706
01r8w,Cave,705
02hv2rc,Test Drive,705
02f9f_,Shower,704
0772h,Spaghetti,703
064ky81,New Super Mario Bros. Wii,703
02cv4w,Garbage truck,701
027p04m,Kidō Senshi Gundam: Senjō no Kizuna,700
010vxlx3,Dragon Ball XenoVerse,699
01k695,Fisherman,698
06zd9hy,Heroes of Newerth,698
03c4j,Gemstone,697
06m724,Mime artist,696
01r4c6,Lowrider,693
06jsbh,Forehand,693
012tl7,Supercharger,691
03vt_9,Stick figure,690
0dr47,Wild boar,690
0c3xkj9,Rock Band 3,690
080pdf,Kettlebell,688
04nnxg,Helmet camera,688
0v4gvn3,ArcheAge,688
0fq5zfq,Ezio Auditore da Firenze,687
02f6d7,Ford Fiesta,685
04hq69,Multi Theft Auto,683
0htp,Astronaut,682
0dnnl,Bowling (cricket),680
0dffp,Router,680
05z87,Plastic,680
0h5wtp0,Acura,679
01bb9b,Motorcycle helmet,679
02mwm5,Police dog,679
01jfkf,Forklift,679
0464gkc,Guitar Hero World Tour,676
02r0h97,Dissidia Final Fantasy,676
0290t8,Dog agility,675
096x1p,Porsche 911 GT3,674
01qp5w,Volkswagen Jetta,673
0pwdp,Border Collie,673
02wxdqt,Rage,673
07f533,Nike Air Max,672
010rs1_r,Assassin's Creed Unity,672
05kms,Oboe,670
0br_nfc,Marvel vs. Capcom 3: Fate of Two Worlds,670
05j62p,Fire station,669
01frm,Bugatti,668
0c06p,Candle,667
09k_b,Lemon,666
02gln,Donald Duck,666
0vxd_33,Titanfall,665
01pmdg,Electric vehicle,665
09ld4,Frog,663
0fpk226,Seafight,663
090f96,Kick,662
0142vg,Sled,660
01x5q,Ceramic,660
0dvvc,Desktop computer,660
04d_1p2,WWE action figures,658
05g9g_,Spore,657
0cc6dzr,Saints Row: The Third,657
03gvt,Hammond organ,656
0k0r29t,DayZ,656
043wfx,Woodturning,655
0278h6t,Cabal Online,653
03tw93,Fireplace,653
02xjw0,Trainz,653
03ryg4,Audi Quattro,653
03xr42,Shelby Mustang,651
09csl,Eagle,651
0369bv,Snow blower,651
09j06,Hot air balloon,651
01wh_8,Cherry blossom,651
05j5y8,Fly tying,649
02jfdl,Coupon,649
067gn1,Sport bike,648
02dl1y,Hat,648
013_1c,Statue,646
0fwy6j,Fishing tackle,646
01jshl,Easter egg,645
02k51s,Ken Masters,645
017dmf,Nissan Skyline GT-R,644
084rw,Wing Chun,640
02bp6,Doraemon,640
02h661t,Dentist,640
0khhs,Chihuahua,638
06mfp,Rooster,637
09gms,Ramen,635
064rb9b,Crysis 2,635
0xsc,Aircraft carrier,635
026_x9,Ponytail,634
01xw9,Chinese food,634
0dlbh,The Pink Panther,633
0gs0nr,The Witcher,633
01ww8y,Snack,633
06lcm4,Live for Speed,632
044fq,Joystick,631
0bwgqz6,LittleBigPlanet 2,631
02_vjy,Wallet,629
0g_w,Academy Awards,629
0j_66,Madison Square Garden,628
03llrw,Land Rover Defender,628
063md,Phonograph,627
023l12,Final Fantasy X-2,626
0bkywv,Ouran High School Host Club,625
0dwc_,Half-Life,625
031x8g,Epiphone,624
0118wtzb,Porsche Carrera,624
0f0w2,GameCube,624
09kmb,Spider,623
04rtb3,Mu Online,622
0jy4k,Doughnut,621
01dnws,Bouzouki,621
03qyv,Hummer,620
0dkxpg,Sam Winchester,620
055z7,Mattel,619
03m5m5w,Battlefield Heroes,618
0cj45,Tuna,617
077xh8,Marvel Legends,616
01s370,Fire Emblem,616
014y4n,Paddle,616
041kzs,Biceps curl,615
07jx7,Triangle,615
017cc,Brain,614
0119mf7q,Mario Kart 8,614
04jq4xw,Black Butler,613
07qn8g,Culinary art,613
01p9z0,Wood carving,612
02sz9d,Second Life,612
0462dj1,Jubeat,611
03clgym,Hair straightening,611
033xrl,Raven,610
0cyhj_,Orange,609
040b_t,Refrigerator,609
01w_p7,Drywall,608
0dj75,Onion,608
03bxnw4,Hellsing,607
04gqlmf,Batman: Arkham Asylum,607
03hjvnl,Inazuma Eleven,606
04bmk,Killer whale,606
0p72t,Elmo,606
07s82s4,Pit bike,605
0j9q859,Hatsune Miku: Project DIVA F,604
04g07,Koi,604
0w_gj2_,iPhone 5c,603
0cc828h,Animal Crossing: New Leaf,602
0jtt9,Chili pepper,602
0gj9wjc,Rocksmith,601
03hkxd2,SD Gundam Capsule Fighter,601
0h3n4wc,Path of Exile,601
012x6l,Laundry,600
03zqnr,Duel Masters Trading Card Game,600
01s77c,Ribbon,599
016bn0,Omelette,599
09515x,Soft tennis,599
09v1137,Sword Art Online,598
04x0p8,Toyota Hilux,597
02r4l76,Perfect World,597
0ccs93,Domestic canary,597
04mcry,Model building,597
09k7fwq,Gothic,596
0g5rv45,Lego Ninjago,595
03rby,Hail,595
025tydm,Ratchet &amp; Clank,594
0226ny,Pontiac Firebird,593
01sxbg,The Phantom of the Opera,593
03lnt,Hang gliding,592
01sjq0,Playmobil,591
026smn,Airport terminal,590
04vv5k,Snowplow,590
0kvfcdk,Aikatsu!,590
0n28_,Crab,589
0gmg6lv,Assassin's Creed: Revelations,588
0h2knm,Skate,588
064nv1v,Super Mario Galaxy 2,587
01vk_m,Espresso machine,587
02rjqfl,United States Air Force,587
02mjpr,BMW 5 Series,587
0wdxf8j,The Idolmaster,585
07mhn,Trousers,584
07clx,Tea,582
027kj12,Red Dead Redemption,581
03y8m_n,Sonic World Adventure,580
0136lk,Corel,580
0d1k7_,Need for Speed: Carbon,580
01rk30,Dr. Eggman,579
0crf4xx,Projector,579
0bp6j,Screen printing,578
01s43s,Infomercial,578
02y74,Field hockey,578
0dcvnz,Honda CB600F,578
074d1,Submarine,578
0by1jyj,CNET,577
01d7jb,Sonic Adventure,576
0cx45,Temple,576
0gy1dy6,Realm of the Mad God,576
01bvgh,Catamaran,576
06xjy_,Ford Escort,575
0f23r5,Flamenco guitar,574
029kc1,Beatmania IIDX,574
01bw2t,Lamborghini Murciélago,574
0d3s4,Carburetor,572
04ylt,Missile,572
06w87,Steel guitar,572
01cbzq,Rock,571
016btq,Vineyard,571
0b2lm5,Crysis,571
0fnrbc,Solar panel,571
02_ltq,Otis Elevator Company,570
0388q,Grape,570
067nv,Preacher,569
0hn9j18,Red Dead,569
02crq1,Couch,568
03cm3,Gallon,567
03mf9x,Warhammer Fantasy Battle,566
0299zk,StepMania,566
01c08f,Rock dove,565
099gjt,Yamaha YZF-R6,565
03w7hp,Ice rink,565
01c72t,Composer,565
02wvb9t,Domestic pigeon,564
0xwj,Atari,564
02mtw0,Mehndi,564
09702,Cappuccino,564
03kwkn,Big wave surfing,562
0bh_4v,Waterfowl hunting,562
09696,Wheat,562
0gjxqj,Bangs,561
03154,Fungus,561
02z3m5,Tokyo Mew Mew,561
05d0d9,Balloon modelling,561
06g1w2,Pattern,561
01ypbj,Chevrolet Chevelle,561
01nfrr,Vending machine,559
01phdl,Wind power,558
0h2t9w,Telescope,558
020sqh,Opel Astra,558
09gfhvy,Skate 3,557
02zkn_,Log cabin,557
01w4c9,Djembe,557
081rb,Writing,556
06w_bp,Flyff,556
0g2zmg,Saddle,556
0710fh,Marinera,555
016367,The Legend of Zelda: Majora's Mask,554
027xhm0,Wood flooring,553
0bby41,Crazyracing Kartrider,553
08rqq5,Wedding photography,553
02pw_2m,LittleBigPlanet,553
01yz9d,Digital video recorder,553
06qrr,Soft drink,552
0cpk7,Incandescent light bulb,552
05qfvt,Devil May Cry 4,551
05msttc,Mercedes-Benz SLS AMG,551
01cbd,Cell,551
0m739,Nest,551
0dnkv,Supermarket,550
08_w9r,Child safety seat,550
0g9vs81,Steamed rice,550
01b7b,Bishop,549
017ftj,Sunglasses,548
01tcjp,Muffin,547
024d2,Calculator,547
0hn8p41,Toyota 86,546
01nw62,Rottweiler,545
02fj9,Destroyer,545
0fl8ng,Kyle Kingson,544
0jt2y_q,The Elder Scrolls Online,544
0228q,Commodore 64,544
019ww6,Harness racing,544
0blvz,Buick,544
03120,Flag,544
03lftc,BMW 3 Series (E90),542
019xd,Battleship,542
03182j,Honda S2000,540
01j7cq,Sensor,540
0267l4m,Peter Pan,540
0cl4p,Hedgehog,539
0kzzv,Princess Peach,539
064hlh,Bumblebee,539
04rqb1,Need for Speed: Underground 2,538
03wtdq,Nissan Silvia,538
01pz3b,New York City Subway,536
080cr,V6 engine,536
01jtn,Body piercing,536
057bnd,Logic Pro,536
02_7fj,Cajón,535
03r8dh,Greeting card,535
0c8rdb,Higurashi When They Cry,535
05cq00,Metal Gear Solid 4: Guns of the Patriots,534
0d090l,TV4,534
03m9mv,Fifth Generation Nissan Z-car (Z33),534
0j674jh,Forza Horizon,534
02kcj6,Collie,534
03zfbx,Dragon Age: Origins,533
0ktmkks,Smite,533
023zh4,Erhu,533
02rm6xl,Total Drama Island,533
01www,Compact disc,533
03hl5pv,MacBook Air,533
01rkbr,Necktie,532
01xc8d,Rope,532
0cqrj,Catfish,532
02vmy_,Campervan,532
0h5_4p3,McLaren,531
02pbtnn,Sangokushi Taisen,530
0c3tr98,Need for Speed: Hot Pursuit,530
0mbxw,iMac,529
02r0zt,White-tailed deer,529
024y9s,Mercedes-Benz S-Class,528
0f1tz,Calligraphy,527
06lpsr,Toy balloon,527
026653,Final Fantasy XI,526
01lynh,Stairs,526
0lqg9b2,Samsung Galaxy Note II,525
01j35l,Beatmania,525
02gss8,Black belt,525
0nbn18z,BlazBlue,525
02ckk,Doom,525
015yd7,Union Pacific Railroad,524
02wv6th,Bakery,524
01v1hk,Image scanner,524
030b_2,Dodge Challenger,524
07gl9,Tetris,523
080t7,Valve,522
016rh7,Spinach,522
01b7zv,Pudding,521
0gl4gn,Fender Custom Shop,521
07068,Samurai,520
0hn87_7,The Last of Us,519
0dgc3t,Automobile repair shop,518
0314n,Full moon,517
029hq2,Dōjinshi,517
01540,Biology,516
0pg52,Taxicab,516
0v0hpxr,Space Shuttle,516
02sf_r,Point guard,515
01qsmc,Arabian horse,514
0j72pxm,GMC,513
016wkx,Pug,512
02gnqc,Backhoe,511
0633h,Polar bear,511
02kfwr,Poodle,511
02rsbb,Sephiroth,509
08l44y,Garage,509
01nr56,Latte,508
0648c_,18 Wheels of Steel,508
01ttbz,Cockatiel,508
0zm_2_r,Rust,508
04y1z3,Crisis Core: Final Fantasy VII,507
0j_2_6r,Primary school,506
0jnxw,Stew,504
0319l,French horn,503
01ntw3,Human hair color,503
01sjty,Honda Integra,503
0h0993,Rappelz,503
03x5tj,GameSpot,503
03v3yw,Key,503
0d5gx,Castle,502
01xf5,Clutch,502
02yvhj,School bus,502
0cc6rng,Irish dance,500
07qsvx,Siamese fighting fish,500
01ss0,Compost,500
05ngn6,Zero,500
03b4h6,Hunter × Hunter,500
03x2yd,Scorpion,499
0l3gs,Two-stroke engine,498
05myk1w,Killzone,498
0j9pd31,Crysis 3,498
05x1_j,Resident Evil,498
014jq0,Analog synthesizer,497
05s0c,Poultry,495
051zk,Mexican food,495
03c2kf1,Kingdom Hearts Birth by Sleep,495
0cb3n,Hogwarts School of Witchcraft and Wizardry,494
0h0xm,Bacon,494
03nwxr_,Bobber,494
04y5jvz,Test Drive Unlimited 2,493
02ctm1,Mercedes-Benz E-Class,492
025wj_,Pokémon Red and Blue,492
048v3q,Paper plane,491
0c1jl_,PlayStation Network,491
01qdz4,Cloud Strife,491
03d068f,Amazon Kindle,490
02fj27,Bob cut,490
04f44c,Foal,489
0371q5,Toyota Camry,489
0n5whqs,Infestation: Survivor Stories,489
01h_1n,Playground,489
07crc,Taco,488
0b__qsp,Mobile Suit Gundam: Extreme Vs.,487
015x4r,Cucumber,485
01vx5,Chemical reaction,485
01k17j,Milkshake,484
0j685wq,Bugatti,484
038lzr,Predator,484
0b3fp9,Countertop,484
0kdzn,Sausage,484
05kq4,Ocean,483
03cdts5,Monster Hunter Tri,482
0199b0,Safari,482
028tv0,Lead guitar,481
07xy0j,Sharpening,481
0kyvw1z,Subway Surfers,481
03vd46,Herd,481
05mzkx7,Xbox 360 Controller,481
03tnww,Lip balm,480
04kbwy,Vans,480
0crlh,Bungee jumping,479
09d5_,Owl,479
036zwh,Autobot,479
0dbvp,Goose,478
099d1w,Honda CBR600RR,478
0gr0f2,Tony Hawk's,478
02x94h,Trophy,477
02qj9kl,Niko Bellic,477
01vk9q,Track,477
02rdtc,Ganon,477
010rcmlt,Forza Horizon 2,477
029l86,Las Vegas Strip,476
049bxn,Suzuki Hayabusa,476
0knkq2w,Oculus Rift,476
07gf4z,Mabinogi,476
09dv7,Soil,476
01lk9,Christ,475
02914c,Mario Party,474
0bwkfd1,Dragon Ball: Raging Blast 2,474
0hgr6,Denim,473
01g0wd,Power supply,473
02rbkzh,Two-wheel tractor,472
0kpqd,Watermelon,472
0cc70vq,Angry Birds,472
0h5wtfh,Aston Martin,471
02n2b3,Audi A6,471
02qyf34,God of War III,471
0pctvvy,Final Fantasy XIV: A Realm Reborn,471
0537v,Mazda MX-5,470
03sjs0,Rainbow trout,470
04f4bc6,Halo 3: ODST,469
06y_bg,Hindu temple,469
01vbj5,Carnival Cruise Lines,469
048vr,Korean food,468
07bx9l,Test Drive Unlimited,468
047lggt,Boeing 737 Next Generation,468
082kw,Winnie-the-Pooh,468
06x4c,Sugar,467
02pp67m,Nostale,467
01dlrc,Rurouni Kenshin,467
0191_7,Retail,467
022k23,Diesel locomotive,466
0kmg4,Teddy bear,465
07605,Dreamcast,465
0gh90yr,Asphalt,463
06zmb_p,Yamaha Aerox,463
01ynw,Cement,462
0dgqyvh,Fantage,462
0k3m14m,Slender: The Eight Pages,460
033hlf,Nissan 240SX,460
04ggyjg,Volkswagen Golf Mk6,459
03nclr,Dental braces,459
07k9r_0,RailWorks,459
046glt,Electrical wiring,458
044r5d,Golf ball,458
03k99c,Tom and Jerry,458
0w61v0r,Floyd Mayweather; Jr. vs. Manny Pacquiao,458
0w1f18n,Makeup brush,457
02p68qb,Bowhunting,457
0ch55xm,Inazuma Eleven,457
0vvw,Amiga,456
030n4l,Ace Combat,456
0cdk2,Eggplant,456
0176mf,Belt,456
063rgb,Mixer,456
03g8mr,Baseball bat,455
0kh8w,Canyon,455
09jc2n,Back,455
026f6fx,Venom,455
0wy4_ns,Rocksmith 2014,454
038_hy,City-building game,454
0c29q,Leopard,453
01bq4,Boeing 767,452
03s7vj,Champion,452
0316ky,Touchscreen,451
08qp6z,HP Pavilion,451
0kymh,Super Mario Bros. 3,451
0311jl,Gamepad,450
01m3tw,Animal shelter,450
032qz3,Guilty Gear,450
011_65,Emirates,450
04xwlr,G-Shock,450
016qk5,Lotus Cars,450
07wh1,United States Army,449
03dg8j,Mattress,448
011z0z,Dojo,448
02cw4,Diablo II,448
01_x9,Campus,447
0djtd,Coconut,447
01mwvh,Piccolo,446
0d8926,ABS-CBN News and Current Affairs,446
03987v,Lexus IS,446
0dxjn,Deep frying,446
01kgp6,Winter storm,446
02xd4b,Audi A3,445
035sch,Sub-Zero,445
01pwdc,Carousel,445
01j8j2,Street Fighter II: The World Warrior,444
02qwff,String trimmer,443
038wt3,French Bulldog,443
08x5y4,Prince,443
031r7_,Dollhouse,443
01bqgn,Bicycle frame,443
0cghn,McDonnell Douglas F/A-18 Hornet,442
035b9s,Driver,442
02jmkl,Ninja Gaiden,442
0fp6w,Pineapple,442
027n9h,BMX racing,442
0x6r,Angel,441
04h4qw,Garmon,441
0j30q9x,iPad 3,441
025tng2,Opel Corsa,441
025tnyc,Lumber,440
06z68,Synchronized swimming,440
03kd6v,Tales of Symphonia,440
020wcz,Mountain pass,439
02qbp7r,Filter,439
0393pz,Horse show,439
0642w22,Intermodal container,439
01btfg,Flash,439
01sp1f,Boeing 787 Dreamliner,438
03xrk8,Fixed-gear bicycle,438
0ddcdfz,Phantasy Star Online 2,437
06y6bw,Katara,437
0cyf8,Butterfly,436
0lnyz,Gravy,435
099ghf,Stardoll,435
03vcjy,Ford Ranger,435
03rszm,Curtain,435
02p6k8p,Flower bouquet,435
09v26d8,Just Dance,434
0bhc2x7,Monster Hunter Portable 3rd,434
02pnv6,Audi TT,434
06rc__,Neji Hyuga,433
03ldnb,Ceiling fan,433
05dlfn,D.Gray-man,433
04btp6,Toontown Online,433
0665t,Piston,432
01sxnm,Infiniti,432
02wv746,Kitchen stove,430
0673js,Age of Empires,430
017ssg,Boiler,430
0ds2vd6,Inline skating,429
0b48hv,Rainbow,429
0bykn,Duct tape,429
014kdf,Megatron,428
06gjp9,Floral design,428
05f8rhy,Need for Speed: Shift,427
0hhssjq,E-reader,427
02rr3c,Renault Mégane,427
03llnq,Land Rover Discovery,425
041g02,Kawasaki Ninja 250R,425
02y6n,French fries,425
03nxtz,Cottage,425
02q69n_,SimCity,424
0swnpd0,Batman: Arkham Origins,424
0kc6x,ESPN,424
0l156b,Steelpan,424
0134l,Autumn,423
0h6400t,Monster Hunter 4,423
01hr6f,Rubber stamp,423
025sz5g,The King of Fighters 2002,422
07740x,Bully,422
01fvmk,Space Marines,421
057jmp,BioShock,421
0118gzc8,Samsung Galaxy Note 3,421
019ktg,Dodge Viper,421
0jt_x,Pac-Man,421
0cc8kq4,iPhone 3G,420
03q13l,Deck,419
095kf8,Chevrolet Opala,419
010lsm5p,Halo 5: Guardians,419
09_9n,Ski jumping,419
0cfkj,Monastery,419
088lm,Yeast,418
02cj3,Dachshund,418
0bnfg8,Reborn!,417
03sq1b,Clone trooper,417
02pwryg,LED lamp,417
0j29nv_,Madden NFL 13,416
02vkbgs,Ōendan,416
02318,Electromagnetic coil,416
0vpvzzc,Dying Light,416
09gg35f,Dragon Ball: Raging Blast,415
0gx11xj,Naruto Shippuden: Ultimate Ninja Storm Generations,415
03d0_rk,Acer Aspire,415
04cysl,PRS Guitars,415
05mh5xj,Minato Namikaze,415
01x5g2,Jack Sparrow,414
0hkf,Agriculture,414
01bf8r,The Legend of Zelda: The Wind Waker,414
09_0g6,Rock fishing,414
04wyr,Modem,414
01786t,Tricycle,413
01dj7,Beagle,413
044cv8,Big Boss,411
02jf59,Chun-Li,411
0lqgcgj,Metal Gear Solid V: The Phantom Pain,411
03qctmf,Flip Video,410
06dl2f,Ninja ZX-6R,410
0dl8m,Dam,410
057xq8t,BMW R1200GS,410
010qs3m9,LG G3,409
08127,Vodka,409
05zy1sd,India TV,408
0vzts9z,Trials,408
0gwznvc,Street Fighter III: 3rd Strike,408
03wmrv,Clannad,408
01ltc2,Plymouth,407
087nk,X-Men,407
0kz2x1z,Heroes of the Storm,406
04f3kt,JBL,405
075_p,Sega Saturn,405
029g5,Dominoes,405
07kdf9w,Riot Games,405
079cl,Skyscraper,404
0l070n,Gibson Les Paul Custom,404
04tp91,Tom Clancy's Ghost Recon,404
0543v3,The Lord of the Rings Online,404
01fp9,Bean,404
02nbhwj,Wolfenstein,404
04bnt6,Mega Man Battle Network,403
09v5sg4,The Legend of Zelda: Skyward Sword,403
01y3lh,Doom II: Hell on Earth,402
02kzxb,Spray painting,402
08bsc7,Metal Slug,402
0cl63,Hay,402
04gg9ys,Juicing,401
01hrv5,Popcorn,401
0170gz,Nativity scene,401
02jwtj,Fried rice,401
0dr1c2,Vampire Knight,401
02r4ny,Mitsubishi Eclipse,400
06qqb,Steel,399
06bw0b,Mitsubishi Pajero,399
026b67x,Hang,398
019y26,Multifunction printer,397
01x5j8,Crêpe,397
02w6jk,Sponge cake,397
0dvzc,Final Fantasy VI,396
03jqjv,Chevrolet C/K,396
02z04ty,Sugar paste,396
09b5b,Fertilizer,396
0cpxrw,Grand Theft Auto: Vice City Stories,396
0265t0k,Power supply unit,395
03mt9v,Guzheng,395
0_s48xy,Olaf,395
07bh27,Pokémon Mystery Dungeon,395
01jp76,Parking,395
0z8g0p2,Moto G,395
0cl6l,Straw,394
03scnj,Line,394
0ch_cy,Cooler Master,394
02kwcj,Fist of the North Star,394
03wfzdl,Ferb Fletcher,394
04gjjj9,Medal game,393
011_k4,Lock picking,393
01s5v5,Honda CR-X,393
027rnt,Daytona International Speedway,392
06rkl,Sherlock Holmes,392
03gq1,Herb,392
0114dt3x,Geometry Dash,392
05rr0j,Chocolate chip,391
05245r,Devil May Cry 3: Dante's Awakening,391
0bzzd0,God of War II,391
0m5dp,Paper Mario,391
01ysmz,Toyota Prius,390
0321b4,Bane,390
04169hn,Wood-burning stove,390
02vjtz,Malinois,390
0299k9,Street Fighter III: New Generation,390
018p4k,Cart,389
03tb1,IKEA,389
05q4f8,Kawasaki Ninja ZX-10R,388
0425lm,Mazda3,388
01rd7k,Wild turkey,388
0vpsd3h,Television presenter,388
0cv5hl,2001 GSX-R1000,387
064dv4,Sheriff Woody,387
02fcct,Clay animation,387
0fzn_5,Frets on Fire,386
01dc0w,Contortion,386
03x3bw,Sewing needle,386
027pcv,Zucchini,385
0b9c0,Gel,385
0622gs,Garden railway,385
0381gs,Slot car,385
0vpn50f,Forza Motorsport 5,385
09rwx_l,Naruto Shippuden: Ultimate Ninja Storm 2,385
024gsm,Chevrolet Caprice,384
01t_yc,Dormitory,384
01dx8,Bald eagle,383
0cn1d,Puff pastry,383
01p0q6,Tsubasa: Reservoir Chronicle,383
09vy3t,Lush,383
03wlw06,Volkswagen R32,383
07lrp,Tomato sauce,383
03bdrd,Fisheye lens,382
0j0j_,GAZ,382
04k6k6,Albert Wesker,382
0jlt5,Goofy,381
0cz_0,Highway,381
0d4w1,Closet,381
02wmf,Flying disc,381
0f6nr,Unicycle,380
03w997z,Volkswagen Golf Mk2,380
02hrlh,Electric violin,380
01_xs,Crossbow,379
04146jk,BMW S1000RR,378
02sg06,Aerosol spray,378
03bw_v4,Firewood,378
01960s,Deadpool,378
0k0p036,Nexus 7,378
04kw64,TrackMania,377
06lqkg,Flair bartending,377
06qf1q,Škoda Octavia,377
01lc9r,Hard Rock Cafe,377
01vgft,Gummy bear,376
04cnwn,Tow truck,375
01z85,Cheerleading,375
04h8h,Library,375
0794wr,Phantasy Star,375
0gmgcww,Need for Speed: The Run,375
05pnb1,Loki,375
0bh7bqw,Dirt 3,374
06pq2r,Doberman Pinscher,374
02bkg,Diving,374
01645p,Avocado,373
031sbn,VTEC,373
0396p,Gorilla,373
03b19x,Digital painting,373
01llgk,Boxer,372
0jkww,Manure,372
03jq6z,Chevrolet S-10,372
04zzyhc,Uncharted 2: Among Thieves,372
0mgkg,Amazon.com; Inc.,372
014083,Donkey Kong Country,371
0w7p7d5,LG G2,371
02hlnc,Chocolate brownie,370
0_k2,Ant,370
04229,Jet engine,370
01lr3v,Villain,370
091dhl,Orochimaru,369
03q5t,Harpsichord,369
040zqs,Percy,369
0x11hn5,Kantai Collection,368
02k84w,Pedal steel guitar,368
0vztflg,The Crew,368
016rbg,Melon,367
0b_zf,Plumbing,367
01hf_2,Ape,366
064r89y,WWE SmackDown vs. Raw 2010,366
013q4y,Cheeseburger,365
06lk1,Rat,365
0pk_9_f,Lego Marvel Super Heroes,365
01hcps,Lamb and mutton,365
01qfcj,Peanut butter,364
0521wnb,Quadracycle,364
01y59,Chrono Trigger,364
01wtvw,Camcorder,363
0k9ts,Delta Air Lines,363
0107z82l,Borderlands: The Pre-Sequel!,363
0g9sv_q,Final Fantasy XIII-2,363
01srj,Comet,362
064f0f,Grand Theft Auto: Liberty City Stories,362
03hm80,Firefighting,361
066xq,Pollution,361
0fbw6,Cabbage,361
02h4n6,Zangief,361
03q2bd,Mufasa,361
02p0t5f,Robotics,361
05zpf7g,Duke Nukem,360
0kcc7,Movie theater,360
03c3hc_,Dead Space,360
02zr8,Forest,360
04n3cpc,Nintendo DSi,359
02npn,Eclipse,359
02fbz6,Marker pen,359
09f_2,Crocodile,358
02c3sn,Low-carbohydrate diet,357
01jy9k,Humbucker,357
05b10f9,Star Wars Battlefront,357
025s3q0,Landscape,357
020fb2,Coffeehouse,357
0cp0788,BioShock Infinite,356
054_l,Mirror,356
053yw9,Gran Turismo 4,356
069jjt,Star Wars: Battlefront II,355
03fn2,Guppy,354
0dqc4,Caridean Shrimp,354
011q6nwy,Brave Frontier,354
027j55,Catwoman,353
060jx,Pan flute,353
03fxjv,Iori Yagami,353
01c5jp,GoldenEye 007,353
013sr7,Boeing 757,353
03w9978,Volkswagen Golf Mk4,353
010xfc7q,Halo: The Master Chief Collection,353
05wy2,Gasoline,353
06dqt,Royal Air Force,353
06mk92,Aston Martin V8 Vantage (2005),353
0fldg,Mango,353
03bkkv,Harry Potter and the Deathly Hallows,353
03sdtk,Chevrolet Tahoe,353
06mjkr,Mega Man X,352
022n8y,Kebab,352
01cyvl,Crusher,352
09gtmj,Chevrolet Corvette (C6),351
06mr9c,Trunk,351
09977,Scooby-Doo,351
02r23yw,Saints Row 2,351
08pxyt,Sonic the Hedgehog 2,351
0bh9vdp,Mount &amp; Blade: Warband,351
01vh7t,Christian Church,350
0w7pg_4,Hatsune Miku: Project DIVA F 2nd,350
08s_k4,Forever 21,350
04cw2jn,The Embodiment of Scarlet Devil,349
053wzw,Kennel,349
05dsx9,Shadow the Hedgehog,348
01cywb,Chuck E. Cheese's,348
06lpz,Roulette,348
01krjr,Pendant,348
0fqfqc,Drawer,348
03lfvh,BMW 5 Series (E39),348
02p8n9v,Toyota Land Cruiser Prado,348
04k9pm,Moisturizer,347
05h0h0,Bull Terrier,347
01s7fj,Shih Tzu,347
02y8z,Fencing,346
0jmpt,Canvas,346
02g0gt,Fiat 126,345
0cmwh7,Lucky Star,345
03c_t7,Dead or Alive,345
05py0,Octopus,345
02hr7g,SEAT León,345
0hglwfq,Multirotor,344
09ghsb9,The Witcher 2: Assassins of Kings,344
02vkh6l,Metal Gear Online,343
0337b,McDonnell Douglas F-15 Eagle,343
02bxd,Didgeridoo,343
01tmgs,Haunted house,343
04wkvh,Landscape painting,343
0gc80,Engraving,343
05k90v,Mambo,342
01px4b,Fried chicken,342
07xxp9,Sonic the Hedgehog,342
02qn0_1,Killer Instinct,342
09rv422,Allods Online,342
028w0k,Sonic &amp; Knuckles,342
0306r,Fox,341
08cmr6,Virtua Fighter 5,341
0dwt5,Vibraphone,341
03w996y,Volkswagen Golf Mk5,341
0qsb65z,Skylanders: Swap Force,341
03vc65,Buffet,341
025wph,Honda Fit,341
0_ydz_3,HTC One (M8),340
0k5sl,Chocolate chip cookie,339
043p4rj,Yamaha Raptor 700R,339
02hcw1,Floristry,339
06dndd,Mount &amp; Blade,339
02vrrh,Molding,338
0j4r5,Abarth,338
0548ph,Rat rod,338
01ms2c,Gotenks,338
01xyhv,Suit,337
0160y_,Ken,337
0d13h,Walleye,337
01bzmc,Meatball,337
01l_j4,Mazda RX-8,336
0d0pt6,European perch,336
0dy2sv,Canon PowerShot,335
0152hh,Snowman,335
0h74gv_,Ford F-350,335
03rjym,DualShock,335
0158y_,Felt,335
0841v,Walmart,334
06wwc,Satellite,334
0149qc,Hair removal,334
03l0hm,Chevrolet Big-Block engine,333
07s6nbt,Text,333
02rbcf5,Sly Cooper,333
0130jx,Sink,333
01lcw4,Limousine,333
03cl2yj,Dead Island,332
02zn3,Forge,332
0421h8,Suzuki Swift,332
0fylw,Stormtrooper,331
02q13x7,Fishing vessel,331
01b9xk,Hot dog,331
065ls,North American P-51 Mustang,331
0k8v5fv,DatPiff,331
01qzyz,Twelve-string guitar,330
01h3vf,Sonic Heroes,330
01bqvp,Sky,330
0bmk3c2,Happy Farm,330
0852z,Werewolf,330
017752,Toyota Celica,330
02vpb78,Mirror's Edge,330
05f4rz3,Log splitter,329
017z0v,Toast,328
03q2b,Ham,328
01gb24,Bearing,328
027r9lh,Crash Bandicoot,328
0csby,Cloud,328
03pbw8,Sprite,327
0jwymmq,Epic Rap Battles of History,327
0kg33ng,Gears of War: Judgment,327
0jyfz,Contact lens,327
014wp5,Mewtwo,326
0bh8jth,BMW 1 Series,326
03mm_r,Hummer H2,326
0c3z9qn,Koi pond,326
0k0tnvj,Microsoft Surface,325
066sg,Potato chip,325
0hg6h,Compact Cassette,325
04grkxb,Intel Core i7,325
039bz5,Stargate,325
019b80,Sweater,325
02ywfg,BMW 7 Series,325
02whwn,Alien,325
0kynh0j,Loadout,324
02hdzl,Crayon Shin-chan,324
02s16q,Armored Core,324
0136w_,Super Mario Sunshine,324
02wlkw,Metal Gear Solid 3: Snake Eater,324
0fz3xv,Bloom,323
0k5v2,Character,323
09qw8,Bamboo,322
0vxcbp2,NHL 14,322
01c3q,Bassoon,322
028rrn,Tom Clancy's Rainbow Six,322
016f9d,Cowboy,322
01zfgj,Sawmill,321
0p9bj,Avon Products,321
0syrt,Vox,321
01gt3p,Windows Media Video,320
0bt2m,Orc,320
05gz3q,Ratchet,319
018vpr,Cliff,319
0vplsw8,Saints Row IV,319
0jtg0,Sitar,319
02_wm5,Rome: Total War,319
0h55s,Caramel,319
0j46v,Persian cat,318
03mcy1,Tifa Lockhart,318
02r6534,Midnight Club: Los Angeles,318
01n6fd,Shed,318
03_055,Cornrows,318
07g75,The Hobbit,318
0jt59tb,Cockatoo,318
0wysd88,LG G series,317
0vzsnsh,Killer Instinct,317
01nq26,Sock,317
083mg,Walking,317
03xl58,Fate/stay night,317
015rvg,Wedding ring,317
03w97lm,Light Yagami,317
0_gxrpv,Asus ZenFone,317
0385ph,Fiat Punto,316
01t_bx,Table saw,316
03w7y7,Baggage,316
0gtvxhq,Soulcalibur V,316
031qnt,Indoor cycling,316
03t22m,Soprano saxophone,316
07y5rg,Princess Jasmine,315
09l5c,Charizard,315
01x_v,Camel,315
01f1n4,Barista,315
04gg6yd,Skate 2,315
02jz0l,Tap,315
064q3v5,Metal Gear Rising: Revengeance,315
02c22r,Dogfight,314
0gd4fc,Battlefield: Bad Company,314
0cc6qg7,Mario Kart 7,314
09k9fd,Animal Crossing: City Folk,314
0511_p,Audi S4,313
045zww,Guitar Center,313
0h3nf17,MX vs. ATV,313
0d9l1,Looney Tunes,313
032l42,Saab Automobile AB,313
011c62xn,Eren Yeager,313
07t99m,iPod nano,312
0dvyx,Final Fantasy IV,312
02r7hh,Hitman: Absolution,312
0337j6,Mega Man Zero,312
02mrr1,Jak and Daxter,312
0401p4,Priston Tale,312
01dl3j,Banknote,312
04v6l4,Frying pan,312
03c79,Gate,312
02p2nn,Cream cheese,311
04wyxv,Belt drive,311
04tdh,Marble,311
0bwlch6,Robotic vacuum cleaner,311
038jz,Glacier,311
0d19pc,Final Fantasy XV,310
01kv93,Staffordshire Bull Terrier,310
03m6dq,Gashapon,309
0l3r7gj,Chunichi Dragons Doala,309
0dq75,Raccoon,309
05ctqp,Chicken coop,309
01n_q1,Peugeot 106,309
01b2w5,Sunset,309
05plvb,F-Zero,308
0by1dmg,Guitar Hero: Warriors of Rock,307
051_m67,Dragon Quest X: Mezameshi Itsutsu no Shuzoku Online,307
01s55n,Suitcase,307
04tr8s,PC game,307
01dg1c,Furby,307
0dmnj2,Rolls-Royce Limited,307
0b9k6q,Ribs,306
01nrdl,Stencil,306
030610,Treadmill,306
0731xb,Batter,306
055rs7,Hand-to-hand combat,306
0715p,Slingshot,306
086ch,Worms,305
02vr0ck,Naruto: Clash of Ninja,305
05bvcl,Exercise ball,305
01409v,Donkey Kong Country 2: Diddy's Kong Quest,305
01bcv7,E-book,305
0jsp5,Mario Kart 64,305
02q8x4x,Mario &amp; Sonic at the Olympic Games,304
012rq8,Treasure,304
02p8qh,Patio,304
06dq9,Radar,304
01hq29,Humpback whale,303
081sq,White House,303
038s0_,Water Filter,303
06w5wj9,Fight Night,303
01205h,Ferret,303
0c2jj,Axe,302
01pxpp,Lupin III,301
03q7pgh,cardboard,301
0d1p5l,Wii Sports,301
01rwvb,Kamaz,301
02hxzv,Stable,301
0dglm,American black bear,301
0gwygtq,New Super Mario Bros. U,300
010gng9z,BeamNG.drive,300
0cw2t,Driver's license,300
0py2c2p,Disney Infinity,300
0h51hz9,Clank,299
03t7w0,Mini 4WD,299
0fphfgz,Shift 2: Unleashed,299
05fc7cw,Epiphone Les Paul,299
0djyph,Fillet,298
01fpmd,Tugboat,298
01jfsr,Lantern,298
02pv7d1,Mii,298
01gqfm,Beach volleyball,298
0js2k,Green Lantern,298
0d7xyg,Ace Online,298
0f_c7s,Duct,298
017clw,Laboratory,298
0c_d6y,Solar eclipse,298
0jly1,Turkey,297
020x6g,Mega Man 2,297
080mq6,Pressure washer,296
01rplj,Little Red Riding Hood,296
04mmm2,Citroën C4,296
0b6kgp0,Hero Factory,296
03cth2,AdventureQuest,296
06jq_m,Ford Mustang SVT Cobra,295
0282dzk,Need For Speed: ProStreet,295
02pvbb,Mansion,295
0cqvw,Micropterus,295
0g71w,Disc brake,295
0bd418,Copic,295
04y9_,Microscope,295
0crlz,Water polo,295
06w200z,Kamen Rider Battle: Ganbaride,295
0120dh,Sea turtle,294
0_86_3s,Tokyo Ghoul,294
04cw695,Forza Motorsport 3,294
052ly,Macaroni,293
0fl9gg,Thor,293
03fz3,Gelatin,293
09mgrk,Express train,293
0gkz3w0,Asus Eee Pad Transformer,292
0780p,Subaru Forester,292
0cz9b1p,Madden NFL 12,292
02zks,Fat,292
05pdk8c,Max Payne 3,292
08j3q3,Driver's education,291
012wds,Schutzhund,291
01mtbv,Winch,291
02kz1p,Sinterklaas,291
0f1bg,Luke Skywalker,291
025jq8,Bomberman,291
0133d8,Porsche Cayenne,290
0cb0xm,Passenger,290
01j4yx,Dragon boat,290
034c16,Pillow,290
0h7k5,Air France,290
051vk,Mousse,290
03zqj9,Barrel organ,290
064d7,Pepsi,290
025_v,Cactus,289
0fghyr,Scar,289
0146nb,Super Smash Bros.,289
014_z9,Apple pie,289
0ptv6,Plectrum,289
01jmtg,ThinkPad,289
03fgf5,Mercedes-Benz SLK-Class,289
0366jw,Submission wrestling,289
0gff28c,Lalaloopsy,289
07n7lk,Car dealership,289
0ky7b,Dishwasher,289
0hgfx,Printed circuit board,289
01phsx,Tarantula,288
03f9m6,Bandsaw,288
01_9rv,Ys,288
033hvs,Chrysler 300,288
04kwhq,Christmas ornament,288
025rrh9,Zack Fair,288
0dbrl,Garlic,288
04dc47,Chevrolet Monte Carlo,288
026q9,Dungeons &amp; Dragons,288
08kgr3,Scratchcard,287
08b2pl,Charm bracelet,287
0h_c8sk,Lego Friends,287
0m7lz,Charango,287
04xqx,Mahjong,287
03lfvx,BMW 5 Series (E60),286
011f5d5w,Unturned,286
01ksq5,Welsh Corgi,286
07ytt,Vatican City,286
03ttl,Indiana Jones,286
03fnz,Gecko,286
0ck82,Rosary,286
01jt3m,Flush toilet,286
02gks8,Porsche Carrera GT,285
03_kqn,Elfen Lied,285
01xygc,Coat,285
02fd30,Fiat Uno,285
01q1vz,Ford Crown Victoria,284
049lzn,Need for Speed: Underground,284
0lgk9,Marshmallow,284
015wzt,Chart,284
05_8m,Pearl,284
05j9hq,Bajo sexto,284
0lcjd,Yoshi's Island,283
01nnqh,Foam,283
0pjsy,Radha,283
064lht,Coating,283
093q_5,Royal icing,283
0qf0c,Buffalo wing,283
04sz3t,Softail,283
01jyd4,Gibson SG,283
03blgp,Filly,283
01bf_1,Oatmeal,282
026w47k,BMW X6,282
018c_r,Starbucks,282
03ct3,Goth subculture,282
01vkl,Circle,281
016f4d,Porcelain,281
0869tl,Emergency vehicle lighting,281
034qgf,Black Widow,281
0hkxq,Broccoli,280
04y7nx5,Resistance,280
02qfvx_,Baby Alive,280
0cp0zz4,StarCraft II: Heart of the Swarm,280
02cyl6,Maltese,280
02kh2h,Pembroke Welsh Corgi,279
02kk5s,Staples Center,279
0386r1,Peugeot 206,279
0md09,Circular saw,279
02z1sh,Autocross,278
027fq_5,Electronic circuit,278
0j26l5r,Medal of Honor: Warfighter,278
01b2q6,Sunrise,278
0lbzq,Birth,278
09v7733,Bloons Tower Defense,278
03d12,Greyhound,278
03xbmk,Hose,278
01wxjd,GMC,278
0f8sw,Cherry,277
011k07,Tortoise,277
01bfm9,Shorts,277
0j_3yn3,Kemenche,277
048j51,Fender Jazz Bass,277
0ptsp,Halloween costume,277
02sp8w,Decoupage,276
0n5v7g2,Star Citizen,276
0cd4d,Cheetah,276
06hf0n,Filipino food,276
0lzyq,Rocket launch,276
03cx5h,Cammy,276
0hncn_2,Alcatel One Touch,276
026kkxk,Cold porcelain,275
01q8_b,Hammock,275
011f413r,Multicooker,275
0cmb4qv,Black Rock Shooter,275
0100jcns,iPod Touch,275
0bh90yg,Pump It Up Fiesta,274
0_gzt9y,Flappy Bird,274
03w9989,Volkswagen Golf Mk1,274
039jpz,Casserole,274
03h_zp,Gibson ES-335,274
04hpv1,Honda CR-V,274
02jwcn,"Toys ""R"" Us",274
01cnms,Lithium polymer battery,274
016vv0,Notebook,274
0k2ls38,Total War: Rome II,273
036zsq,Macramé,273
07jjt,Track cycling,272
02vkqh8,Wardrobe,272
0wzpzz3,Sony Xperia Z1,272
0gy9p,Autogyro,272
0g59z2r,Battlefield Play4Free,272
071n1k,Devil Kings,271
041bg5,Mercedes-Benz Sprinter,271
0sgh53y,Selfie,271
0636k_,Alucard,271
020x94,Opel Vectra,270
02cdhd,Megami Tensei,270
080bypb,Lightning,270
06zmt66,Racing wheel,270
0m4l3,Amusement arcade,270
0h5_5cr,Saab,269
01psvn,Canoeing,269
01z562,Basket,269
065p3q,Mega Man,269
0fqlj,Lettuce,269
0swkf,Ventriloquism,269
0f0q9,Village,269
02mx4d,Raphael,269
06h972,Sander,269
0pdnsrd,Sony Xperia Z,269
01v3zp,Subaru Legacy,268
0dd6m,Inkjet printing,268
0cv9b,Texas Instruments,268
03kll,Hero,268
026545k,Elk,268
04d1p3,Shawl,268
04_160c,Colin McRae: Dirt 2,268
020594,Call of Duty,268
01026w08,Boom Beach,268
0cjq5,Lobster,268
0377c4,Tekken 5,268
02lpp7,Gold medal,268
078qb0,Domestic pig,267
035tgr,Infinity Ward,267
0fhnl08,Applejack,267
011jng,Fiber,267
016m2d,Skull,267
0b2qr3,Virtua Fighter,267
02j81,Eiffel Tower,266
02wvwt7,Funko,266
09zf3d,Jeep Cherokee (XJ),266
025vcqb,Halo Wars,265
05zp8,Palace,265
02sb4j,Blouse,265
0gz0jd,Apple TV,265
015vl0,Sabian,265
034q68,Ultron,265
02jvh9,Mug,264
04bds9,Davul,264
02tsc9,Slow cooker,264
03541c,Starfire,264
051wbqj,Gummi candy,264
0h6cb,Bart Simpson,264
018gh2,Team roping,263
09k5h2d,Sleeping Dogs,263
0fs78y,Shin Megami Tensei: Persona 3,263
03sdcm,Donkey Kong,263
0cqg0t,Akita,263
0k65p,Hand,263
02rs9dw,Soulcalibur IV,263
02ppyww,Lelouch Lamperouge,263
05wgx5,Dip,263
0vpjss_,Need for Speed Rivals,263
06wzv,Satan,263
088pn,Zeus,263
09rdns,Marvel vs. Capcom 2: New Age of Heroes,262
02mx40,Leonardo,262
01c4r0,Canning,262
05ybs6,Woodchipper,262
017ql,Bank,262
0ftbs,Blueberry,262
0gg7rmh,Metro: Last Light,262
0cvt8m,Capacitor,261
027hk9z,Volvo FH,261
01njq7,Alligator,261
0vllx,Barn,261
041tpy,Mazda6,261
0d4yhw,Used car,261
04xvs0,Laminate flooring,260
04pkrb,Toyota Tundra,260
09k5816,Spec Ops: The Line,260
0127_k,Spark plug,260
08hvz4,Colt,260
063c7,Polo,260
09b6t,KFC,260
0gf37t,Single track,260
06z37_,Picture frame,259
011jxn,Lasagne,259
0z07,American Airlines,259
011bfnhj,Seat,258
03t500,K'Nex,258
0fqtq,Chickpea,258
0420v5,Punching bag,258
01601q,Burger King,258
0gzj40,Table football,258
05tjd,Popeye,258
0gtcd,Custard,258
0ddg1nk,DmC: Devil May Cry,258
0l7xg,Gear,258
04y6cyr,Vegetable carving,258
02swz_,Compact car,258
0crjs,Convenience store,257
02n3c4,Ford Explorer,257
0gqbt,Shrub,257
04b5rz,Shikamaru Nara,257
064kwh,Kendama,257
0hhq85v,Galaxy Nexus,257
059h5_,Aloe vera,256
027wxlt,Rigs of Rods,256
0ndjygb,Trouble in Terrorist Town,256
05gxt0,Sport stacking,256
01ddcs,Sand art and play,256
04f76q7,Chevrolet Cruze,256
0cnx0qq,MicroVolts,256
0323sq,Golf cart,255
0_fp33n,Ressha Sentai ToQger,255
0j9m42s,Marvel: Avengers Alliance,255
0h65vcz,Kindle Fire,255
0d6dpw,Spinnerbait,255
07s556k,McLaren 12C,255
03pf26,Batmobile,255
084rd,Wok,254
053y69p,Steirische Harmonika,254
02zw41,Dungeon crawl,254
07059,Switch,254
04lhyjr,Disgaea,254
03bk1,Giraffe,254
052fbc,Gas tungsten arc welding,253
0100pw7h,Android Wear,253
0d9_3,Larva,253
05xh2,Pyramid,253
0dmnb0,Friendship bracelet,253
01y_7,Coyote,253
01dwsz,Waffle,253
0bwkxpx,Nokia N8,253
0g03k,Goblin,252
0gysywq,Dishonored,252
031n9j,Marble,252
04cr70g,Dragonica,252
041lfl,BMW M6,252
027jf5,Oldsmobile Cutlass,251
03klzl,Andalusian horse,251
0hr8,Asphalt,251
0ch5ys1,Dragon Age II,251
010hmfwg,NHL 15,251
078k8j,Pork ribs,251
020jm,Beetle,250
0h55krg,WildStar,250
01kjbs,Stealth game,250
016bpr,Recumbent bicycle,250
0jvq,Asteroid,250
04mmsn,Paper model,250
0gffz1r,Canon EOS 600D,250
09gkg4m,Grand Theft Auto: Episodes From Liberty City,249
015qff,Traffic light,249
0b0m2,Hubble Space Telescope,249
0b169,Cam,249
03mh4t,Warhammer Online: Age of Reckoning,248
03md6r,Aerith Gainsborough,248
03dg8z,Cybertron,247
02p0_m0,Puppetry,247
026_br6,Burnout Paradise,247
03hl8h,Kyo Kusanagi,247
03j7xx,Truggy,247
02yvcd,Audi A8,247
0n_hztb,Don't Starve,247
0fphzyb,Grand Tourer Injection,247
0178j3,DVD player,247
03jmcg,Baby sling,246
03lwkz,Canon EF lens mount,246
054pq,Moose,245
03mhmn9,I Wanna Be the Guy,245
0fqqxjn,Digimon Masters,245
039hnl,Lowlands,245
08l941,Garage door,245
0d1rc2,Super Paper Mario,244
065rw,Porsche Boxster,244
01bx0g,Lamborghini Diablo,244
05h8hz,God of War,244
09q84,Jupiter,244
026pl4h,Electric motorcycles and scooters,244
020lv8,Ford Mondeo,244
01l00t,Wreath,243
0d7pp,Credit card,243
02w7c7,Ragdoll,243
09cx8,Finger,243
0j7k0l4,F1 2012,243
06hyy1,Meta Knight,243
05ft8q,Screencast,243
0lbw4,Great Dane,243
04310t,Paper Mario: The Thousand-Year Door,242
03706p,Mercedes-Benz G-Class,242
08gbqd,Gothic II,242
074qkg,Edward Elric,242
027d7y8,Yamaha YZ125,242
02qhf3,Volkswagen Touareg,242
02h_mt,Broth,242
01cdc5,V10 engine,242
01lnt7,Wallpaper,242
044ccj,Star Wars: Battlefront,242
015dmz,Marlin,242
01td26,Edward Nygma,242
0fkjv,Sugarcane,242
015w7p,Cauliflower,242
0m7gg,Cookie Monster,242
033vgp,Ghost Rider,242
065h6l,Hot tub,241
02q7bch,Hyundai Genesis,241
0vprsw2,EA Sports UFC,241
064ldsd,Sonic &amp; Sega All-Stars Racing,241
064m8cr,Metal Gear Solid: Peace Walker,241
02pbw09,Touring motorcycle,241
063l_k,Kazuya Mishima,241
06zmlf,World of Warcraft: The Burning Crusade,241
025skbf,Range Rover Sport,240
030dhx,Toyota MR2,240
0bxg3l,GSX-R750,240
037_v,Grizzly bear,240
031b6r,Window blind,240
01jnld,Warrior,240
047ph68,Need for Speed: Undercover,240
01dcmw,Homing pigeon,239
0cb2r,Professor Albus Dumbledore,239
08z9dl,Ran Online,239
02rlncx,Plastic bottle,239
075127,Temari,239
0h98pgr,Serious Sam,239
030hgx,BVE Trainsim,239
03cgxdg,Pro Evolution Soccer 2009,239
04r5pk,Toyota 4Runner,239
0mfx0,Doodle,239
043mjw,Mario Kart DS,239
02pld,Elf,239
0g_tb,Yoda,239
0198z,British Airways,239
0fqqzmj,Prototype 2,238
04vxfg,Pavement,238
03fzy,Gelatin dessert,238
07k4knb,GLaDOS,238
0hhq182,Samsung Galaxy Y,238
0m09,Ale,238
0_qjjjj,Sony Xperia Z2,237
022p83,Wedding cake,237
0csj6s,Stain,237
0dwms,Alice's Adventures in Wonderland,237
0j45r1z,SimCity,236
0c13s2,Split,236
03rt85,Resident Evil 2,236
02x_6w,Mobile home,236
0vztckl,Super Mario 3D World,236
09v8dn6,Parrot AR.Drone,236
018gpn,Hurdling,236
02p68t,Volkswagen Type 2,236
01bgd_,Chutney,236
057np,Masonry,235
01ntt3,Red hair,235
05zht0,Shadow of the Colossus,235
02tpgj,Metal Gear Solid 2: Sons of Liberty,234
0qznc_x,HTC One,234
066zkr,DigiTech,234
07k6c9,Cutlet,234
02616kf,Line Rider,234
03wdyfr,BioShock 2,234
03nlp1,Tag team,234
02tt7y,Ferrari 360,234
02gxqz,Hunting dog,234
0q55f,Master System,234
02vr79f,Fruit preserves,234
04y5l8b,Nissan 370Z,234
0wdr9t3,Nexus 7,233
036qwh,M. Bison,233
0gyv9,Soybean,233
01d8pr,H&amp;M,233
0j3fw65,Cake pop,233
07rjp,Flash,233
07_1j_,Travian,233
0j24ylw,Skylanders: Giants,232
0m6qk,The Salvation Army,232
042x3v,Potter's wheel,232
011xdj,Meringue,232
01h6w7,Heroes of Might and Magic,232
0d9kl,Bugs Bunny,232
02y440,Vert ramp,232
02q7qs6,Rover,232
060c4,President,232
034xzm,Risotto,231
01sy7,Coal,231
01zh4t,Zoom lens,231
02nzw0,Warehouse,231
0912c9,Vehicle horn,231
039n4_,The Elder Scrolls III: Morrowind,231
03zm6r,Nikon Coolpix series,230
0fp__87,Acer Iconia Tab,230
0_qjjqz,Goat Simulator,230
0343fy,Arena di Verona,230
0275dd,Nissan Navara,230
07kt2,Universe of The Legend of Zelda,230
013xl3,Hovercraft,230
0j64bfm,The Simpsons: Tapped Out,229
0dm32,Sweet potato,229
03h_53,Cylinder,229
02tl8z,Ridge Racer,229
04zk9,Monopoly,229
04656d6,BlackBerry Bold,229
0wbgy0q,Talking Tom and Friends,229
07wp0b,Nami,229
025b0l,Brown trout,228
023p5b,Mario &amp; Luigi: Superstar Saga,228
09b1hx,Twin-turbo,228
0fp7c,Hawk,228
040p0m,Chevrolet Malibu,228
0360nc,Antena 3,228
01z2z3,Wand,228
05j128,Motorola Razr,228
05y_r6,Aerosol paint,227
0hgrwgw,Halo: Combat Evolved Anniversary,227
01rjjq,Half-pipe,227
027x8z,Betta,227
01jjwg,Furnace,227
01qcsb,Chewing gum,227
025tm_k,Instant noodle,227
03c2wbr,Pizzica,226
0c3vz69,Total War: Shogun 2,226
03sds0,Chevrolet Suburban,226
01ncmt,Thermostat,226
0f9_l,Snail,226
03grzl,Baseball glove,226
05fc7nd,Dead Rising 2,226
05skf9,Electribe,226
0cc50g4,Donkey Kong Country Returns,226
05j98,Neo Geo,225
0f4wv,V8 Supercars,225
023ztn,Lineage,225
01ft_c,Ney,225
03ctwt,Folding bicycle,225
0f7bft,Dekotora,224
0642x,Pastel,224
01gl9g,CNBC,224
0k362,Tulip,224
0fx72,Airship,224
03gzs_r,Tales of Vesperia,224
01fnj5,Motor oil,224
01136,Atari 2600,223
0b8nc6,Numark Industries,223
0dqb5,Citrus,223
01c6xf,Drinking water,223
02wrdv,Nissan Altima,223
01bb6j,Shovel,223
0dshv_,Padel,223
01jr9x,Shaolin Kung Fu,223
083l65,Kawasaki Ninja 650R,223
0gg5s_k,Super Mario 3D Land,223
0wbk_xw,Cube World,223
02ppgj6,DragonFable,223
0d8zb,Jellyfish,223
0c_g9b,Toph Beifong,222
0bvpg,Unicorn,222
0jwtb2d,NHL 13,222
03bmk6,Sanshin,222
0l156s,Handbell,222
025rqtz,Toyota Yaris,222
0f13t,Spock,222
05b0p6,Milking,222
05f7s19,Runes of Magic,222
0gvg1g,Ice pop,222
068jd,Photograph,222
0143jv,Moshing,221
0pg_d,Justice League,221
02r7cgz,Corvette Stingray,221
02k856,Lap steel guitar,221
02w26x,BMW Z4,221
01gm69,G.I. Joe,221
02q_2q,Basement,221
04rgpk,Crash Bandicoot 2: Cortex Strikes Back,221
02jnhm,Tin can,221
06g_gt,Suzuki Bandit,221
05z6v7,Melty Blood,220
0r8mddn,Driveclub,220
05n02ml,Dacia Duster,220
020w2,Cornet,220
07lpk,Transformer,220
0j9pbsn,God of War: Ascension,220
04yclzb,Patrick Drake and Robin Scorpio,220
011v_m,Super Mario Bros. 2,220
0c3s8,Saturn,220
07yc3t,Stitch,219
0w68qzh,J-Stars Victory VS,219
01282w,EarthBound,219
0c3zndy,Driver: San Francisco,219
01w6_0,Crappie,219
01mzvs,Green tea,219
0f54r,Stingray,219
01cmg_,Rechargeable battery,219
02pvj25,La Tale,219
054581,Gas metal arc welding,219
069hz,Quake III Arena,219
0kynf,Luigi's Mansion,219
0by1g,Crayfish,219
05qv64,Alesis,219
02nxqmh,Painter,218
02hdz6,Llanero,218
03bx11l,Jerry Mouse,218
0578s,Merlin,218
05sv1,Passport,217
0hdl4,Sukhoi Su-27,217
0j_3p6b,Tom Clancy's Splinter Cell: Blacklist,217
09l27d,Beat 'em up,217
02w69lm,Darksiders,217
03qmg1,Baritone saxophone,217
037ls6,Coconut milk,217
0x0v0qy,Monster Retsuden Oreca Battle,217
058v7l,Porsche Cayman,217
03lnq3,Keychain,217
01h_g7,Pigeon racing,217
05_vtl,Split screen,217
03zj8n,The Shape,216
05ztqwj,S.T.A.L.K.E.R.: Call of Pripyat,216
03l9g,Hammer,216
02mpjh,Oni,216
07b7_6,DJMax,216
05mln,Olive,216
05mst,Orbit,216
04q7r,Lute,216
0c7fr,Billboard,216
0gw_hbs,Bloons,216
027tkjz,Multi-tool,216
01m3b,Constellation,215
02ty0f,Monica's Gang,215
0f81b,Solar flare,215
0glp4b9,Drift trikes,215
07kh124,Canon EOS 7D,215
01pvpp,Miniature wargaming,215
066vng,Chubby Bunny,215
0827vn,Motorized bicycle,215
03gq5hm,Font,214
02g9p4,Appalachian dulcimer,214
0m0kxjl,Prawn,214
0fg0m,Peanut,214
03q8_3,Warhammer 40;000: Dawn of War,214
035hb6,Starscream,214
053ps0,Škoda Fabia,214
014nk4,Rudolph the Red-Nosed Reindeer,213
02py351,Ticket,213
05_7__,Padlock,213
07ckm7,Wine tasting,212
0241s6,Opel Kadett,212
01sc64,Doom 3,212
01hf5x,PortAventura,212
01_90z,Butterfly stroke,212
021zt5,Misty,212
04n8h8,Market garden,212
033yz,Lockheed Martin F-35 Lightning II,212
026qgqv,Pep squad,212
04jpl0p,Imperishable Night,212
0ddfk4f,Juri,212
01635d,The Legend of Zelda: A Link to the Past,212
0hw90,Heat pump,212
0847r_,Kenshiro,212
0jg3n,Pluto,212
0gztl,Southwest Airlines,212
04640wp,Bayonetta,212
023vk2,Referee,212
0kcvn,Jukebox,212
0gd6f,Fountain pen,212
05pdfcv,Perfect Cherry Blossom,212
01mpnb,Mana,211
03c01z,Cadillac CTS,211
0gwlg,Aragorn,211
0tkdqy3,God Mode,211
01bvtk,Crocodilia,211
04rnsz,Ford Bronco,211
09k76,Cigarette,211
0jg57,Bell pepper,211
05p4nm7,Tom Clancy's Ghost Recon: Future Soldier,211
075s5y,Jiraiya,211
038235,Suzuka Circuit,210
06sk_3,Tubing,210
0c869y,Pair skating,210
010vsp13,Just Dance 2015,210
01_7kc,Tuxedo Mask,210
0j_yc,Wasp,210
0d74dx,Fender,210
09t19,Engagement ring,210
05thbm,Porsche Panamera,210
026lrs,Napkin,209
01bg7s,Water well,209
01wq2s,SaGa,209
0ydxnws,Kristoff,209
045x18,Kingdom Hearts: Chain of Memories,209
03clnd_,Putter,209
09g9srb,Amnesia: The Dark Descent,209
02jqh0,Mercedes-Benz CLS-Class,209
0d15n1,Toshiba Satellite,209
03259h,Honda NSX,209
0gmk4,Mosaic,209
07g92,TARDIS,208
0hrg8ry,Temple Run,208
04bsc,Kermit the Frog,208
0126gc,Reindeer,208
02xkt4,Ducati Monster,208
09nqf,United States Dollar,208
02mj6l,Warcraft III: The Frozen Throne,208
049kc,Kimono,208
03dr7,Jinn,208
026zqg6,Mini-Z,208
04k94,Liquid,207
03zbtw,Audi Q7,207
0223ly,Captain Falcon,207
0f0ly,Optical illusion,207
0n_7pbr,Lego Legends of Chima,207
056qz,Monorail,207
0459r6,Chevrolet Chevy II / Nova,207
0grq0,Mayonnaise,207
010rc_l1,Robocraft,207
044_xs,Zara,206
01g6gs,Black-and-white,206
0bgrvn,Aang,206
017r3f,Chameleon,206
0379rx,Timing belt,206
0d61m,Aurora,206
09dhj,Family,206
04cvgx,Mop,206
02y929,Swing,206
0cj2vnc,Princess Daisy,205
0j_70kd,Shrimp,205
01t8zz,Sonic the Hedgehog CD,205
0bhbw_h,Adrenalyn XL,205
03nmyq2,Command &amp; Conquer: Red Alert 3,205
025rxlh,Richter-tuned harmonica,205
02x9vdp,Empire: Total War,204
07c_2,Transistor,204
01gxrk,Boombox,204
01d74z,Night,204
09mg8k,Modelling clay,204
0clyyj,DeWalt,204
02q811_,Lego Batman: The Videogame,204
025s9qt,Hug,204
039z2g,Seiko,204
0_d6n,Jigsaw puzzle,204
0347sv,Willy Wonka,204
01c53w,Chinchilla,204
027f4z,Bose Corporation,204
0j38q,Tatra,203
068vv,Postage stamp,203
0781kl,Burton Snowboards,203
01pbfj,Turban,203
01lsmm,Scissors,203
023hb6,Darts,203
016vt9,Christmas card,203
048j4l,Fender Precision Bass,203
01pf51,Tinker Bell,203
04br3,Kidney,203
03mfqz,Ork,203
0m0mdcm,Nokia Lumia 920,203
035d1m,Canoe Slalom,203
02jd5z,Wat,202
03zblj,Prince of Persia: Warrior Within,202
0js7s,Green Arrow,202
0898b,Zebra,202
0sghw66,Real Racing 3,202
0fq1s88,Xperia Play,202
0h3_sn,Tom Clancy's Splinter Cell: Conviction,202
08jpwt,Light fixture,202
0266ytd,Derek Shepherd,202
0j36tnd,HTC One X,202
01zwc5,Super Metroid,202
0203vw,Energy drink,202
0cxstf,Mercedes-Benz Actros,201
0ynw4ch,Space Engineers,201
0ddb8cn,Dynasty Warriors 7,201
0571h6,Drive-through,201
0j279ms,Trials Evolution,201
02_n6y,Goggles,201
0gtwvsp,Order &amp; Chaos Online,201
06kmvl,Interchange,200
027x79,Gabrielle,200
0gwz1c7,Cars 2,200
01x9lj,Riven,200
013xbf,Electrical connector,200
0ffhy,Clam,200
05vtvw,Mercedes-Benz W124,200
0bwjbxv,Hakuōki,200
04lcrrr,Punch-Out!!,200
05rk2,Plotter,200
0glr07f,Dragon's Dogma,199
08078z3,Crème caramel,199
02fvjy,Mashed potato,199
0jzxpq8,Dance Central 3,199
0ynv62p,iPad Air,199
04f1myc,Wii Sports Resort,199
0wbk32s,F1 2013,199
04lzmz,Strap,199
0y66zll,Black Desert,199
04tnkz,Toyota RAV4,198
0xxq,Steel-string acoustic guitar,198
05syqj9,Aggressive inline skating,198
0k0_z,Sauna,198
02hyjm,Rookie,198
027t7q,Mulch,198
027t26,Pokémon Yellow,198
0cths5,GameTrailers,198
0dtln,Lamp,198
01gm7z,Daihatsu,198
0cc5kfc,Resident Evil: Revelations,198
06dgx3,Ultra Series,198
0g9_fc0,Pretty Rhythm,198
04pj2g,Mitsubishi Outlander,198
0jl1drr,PlayStation All-Stars Battle Royale,197
01748f,Balcony,197
09f20,Hippopotamus,197
02rjc05,Dalmatian,197
0w1dcyh,Dragon Ball Z: Battle of Z,197
03ffs,Game Boy Color,197
0zg7s7c,Yuan Zai,197
030z9k,Upholstery,197
06408k4,Aliens vs. Predator,197
0jk_x48,Rayman Legends,197
02j1h,Dalek,197
0d4by,Patchwork,196
04w695,Viola caipira,196
04jfx2j,Maid Sama!,196
0fd6q,Cash,196
0b6k08g,Lost Planet,196
051qb9,Super GT,196
01xg2t,Nightwing,196
025srf,Mass Rapid Transit (Singapore),196
07m6cj,Company of Heroes,196
0c3ygj8,WWE All Stars,195
07qdr,Times Square,195
0_cp5,Oyster,195
03_hl0,Biryani,195
02yj3w,Beam,195
02s195,Vase,195
0kjxx,Chimpanzee,195
01jfp7,Portable stove,195
0h7lm5z,The Binding of Isaac,195
07sqb7,Tekken 5: Dark Resurrection,195
04sxss,Radar detector,195
04hj_s,Paiste,195
02px4yk,Wakfu,195
0cp1pcv,Sony NEX-5,195
02pm5qq,Maserati GranTurismo,195
0kn0cbv,Woozworld,194
0523x8z,Sarah Walker,194
04lhwwt,Cinderella,194
0j44j8m,Starbound,194
01ppsd,Essential oil,194
0fkp1,Crop circle,194
04rgx7,Crash Bandicoot: Warped,194
0cjs7,Asparagus,194
04jphh9,Clothes iron,194
01qkg,Calf,194
047vl80,Whipped cream,194
0dw33,Final Fantasy V,194
08t9c_,Grass,193
0j3d5yr,Lego Minecraft,193
06ll8q,One-man band,193
0140d2,Converse,193
02qzvk7,A Certain Magical Index,193
05fj1t,Suzuki Escudo,193
03c2kfr,Kingdom Hearts 358/2 Days,193
02zyjc,Audi Sportback concept,193
08060ry,HTC HD2,193
02qd9cb,SOCOM,193
06mfbd,Cursor,192
02h9w2,The Prince of Tennis,192
01p3d7,Alaskan Malamute,192
021173,Shaman King,192
021r2z,Rayquaza,192
0fmtd,Puppet,192
0gwlw9,Semi-trailer,192
04xwwr,Hyundai Sonata,192
0x0dn_j,Yamaha MT-09,192
05dmvr,Ultimate Mortal Kombat 3,191
05p1yx7,Carpet cleaning,191
09lgx1,PSA HDi engine,191
05c0n6k,Label,191
010gp1gj,Disney Infinity: Marvel Super Heroes,191
02sp46,Naruto Uzumaki,191
061dl5,Monster Energy,191
064q4cq,Xenoblade Chronicles,191
07l4g,Tiramisu,191
011bbf92,Trials Fusion,191
0j6n6s8,Tesla,191
01rxt4,Marionette,191
0gh6xff,Samsung Galaxy Ace,190
0g5s7,Pea,190
010phk22,The Hunger Games,190
038pg_,Castlevania: Symphony of the Night,190
03zlh7,Six Flags Magic Mountain,190
05fc8s4,DJ Hero,190
020mlc,Solid Snake,190
026htx9,Spektrum RC,190
0gzhpf,Cort Guitars,190
03__z0,Bookcase,190
0dwl2,Valve Corporation,190
0nb2j7c,Pump It Up Fiesta 2,190
044b96,Nissan Sentra,190
02417f,Windscreen wiper,189
01b92,Bone,189
025s4_j,The King of Fighters '98,189
01084pt_,H1Z1,189
04r5h9,Toyota JZ engine,189
02qv1,Emerald,189
018dz_,Kimchi,189
04bnmz,Theatre organ,189
083s2,Wing,188
053822,Chevrolet K5 Blazer,188
04y45x,Baja 1000,188
031cl3,Fourth Generation Honda Integra,188
02kz6v,Star Fox 64,188
01jby8,AC Cobra,188
01hkml,Chauffeur,188
01_1m4,Annie,188
04vmpm,Loft,188
068qbc,Aerography,188
09gqg5m,Altaïr Ibn-La'Ahad,188
02q5fw,Porsche 930,188
026ym7,Salsa,188
02nb1,Eight-ball,188
0h_8zmz,Dead Space 3,188
0bk5m9,Bus driver,187
02r2b6,Prince of Persia: The Sands of Time,187
0d9qll,Nollie,187
04y7pl,Cook,187
051clg,Audi RS 6,187
0bm8spb,HTC Evo 4G,187
0d2j47,Wii Remote,187
017rgb,Ferris wheel,187
02x158,Winery,187
0g0vx,Farmer,186
01v00w,Common quail,186
0bmnm,Tin whistle,186
0jt4r29,Hiru TV,186
02f435,SEAT Ibiza,186
05jnl,Newspaper,186
047vs1j,Guitar Hero: Metallica,186
04v791,Wedding invitation,186
06fx49,Garnier,186
02vwbsf,Infamous,186
0g_ysr,Kawasaki Z1000,186
0156wg,Axle,185
02r5g23,Pokémon Mystery Dungeon: Explorers of Time,185
0gtsqc,Double Dutch,185
01gfp,Balalaika,185
04dkyl,Hyundai Elantra,185
0j9njdz,Resident Evil,185
0b745rf,BMW 5 Series (F10),185
032c8w,Atlantic bluefin tuna,185
01b642,Wellington boot,185
016dy9,Eurofighter Typhoon,185
0j91q,Hummingbird,184
0bdcn,Cod,184
017bsd,MG Cars,184
0f0ch,Cinnamon,184
0dbzx,Mule,184
0h7l7cp,Transformers: Fall of Cybertron,184
0m4v,Almond,184
0184s5,The Mad Hatter,184
01v40j,Nissan Maxima,184
03xlfx,GameStop,184
08fv_1,Mortal Kombat: Armageddon,183
0360zl,Bath &amp; Body Works,183
02cykr,Unreal Tournament,183
0m5d7,Super Mario RPG,183
02bfh5,Gothic,183
021sj1,Office,183
04b5pl,Kiba Inuzuka,183
0817p2,Ford Fusion,183
02td9c,Bombardier Dash 8,183
028k8w,It's a Small World,183
05mvw3t,Radiator,183
05qsy8,Universal Studios Hollywood,182
0dsb1wd,Neverwinter,182
080knjp,Disguise,182
09rh1,Tesla coil,182
01zsv1,Legoland,182
0589s,Might and Magic,181
0r8p59k,Infamous Second Son,181
0320_r,Mazda Raceway Laguna Seca,181
046dlr,Alarm clock,181
02zb48,Dentures,181
0cydv,Caterpillar,181
07mj3,Trabant,181
09gg92l,Personal armor,181
03d443,Rhinoceros,181
0pcf2,Oshun,181
0qftp8h,BlackBerry Z10,181
014vt3,TAM Airlines,181
02q6k4_,Amphibious ATV,181
01qswv,Metroid Prime,181
0jbjw,Tape recorder,180
05zrqt,Fakie,180
057yl,Mojito,180
06jtfl,Age of Conan: Unchained,180
02tjx4,Roomba,180
0wxn8l1,Samsung Galaxy Gear,180
09t49,Leaf,179
02z_05,American Bulldog,179
0gg5b8k,343 Industries,179
01q3jc,Berserk,179
017tdm,Leica Camera,179
02tt7k,Bentley Continental GT,179
0ncq3xv,Angry Birds Star Wars,179
07pj3,TurboGrafx-16,179
0j2610j,New Super Mario Bros. 2,179
0cv6_m,Python,179
0c3qy,Pluto,179
016br2,Dome,178
0906pq,The Lion King,178
0g_rg,R2-D2,178
04jdvkl,Pixie cut,178
0fch0p,Social media,178
0lpwk7_,Windows Phone 8,178
02rz3g,Roll,178
05zkv22,F1 2010,178
0fk3m1,Tomb Raider: Anniversary,178
027rr2,Para Para,178
03w98r,Mercedes-Benz A-Class,178
04_0095,Castlevania: Lords of Shadow,177
04cylkl,Tesla Model S,177
0513fz5,GMC Sierra,177
0myj0,Eric Cartman,177
0355qx,Deathstroke,177
0215zm,Peugeot 205,177
01pd2g,Raspberry,177
040m82,Kia Sportage,176
0fvb2,Women's Tennis Association,176
06ctv9,Honda K engine,176
04m_t,Lunar eclipse,176
0268z7y,Magician,176
02n6kc,Bansuri,176
05hqys,Gouken,176
0854v,Walkman,176
0283247,Track racing,175
02cj0_,Tupperware,175
02ps_43,Tooth brushing,175
03thgk,Silhouette,175
0j29g3r,Inazuma Eleven GO,175
01sstw,Battlefield 1942,175
0kv797c,Samsung Galaxy Note 10.1,175
010fbk5l,Skylanders: Trap Team,175
01c_9j,Quarry,175
01wx7z,Star Wars Jedi Knight: Jedi Academy,175
02r1p,Escalator,174
015f2x,Singapore Airlines,174
02z1fs,Twisted Metal,174
0flgl2,Volkswagen Tiguan,174
0lgg_,Compound bow,174
02kf24,Australian Shepherd,174
05ml4,Olive oil,174
05806y,Whey protein,174
05_8nr,Canter,174
03vxc_,Lego Duplo,174
07_wd7,Jilbāb,173
0cnz82z,BlackBerry PlayBook,173
048n05,Multi-valve,173
057v5g,Sound system,173
0jqr4,Cinderella,173
025zvj,Cimbalom,173
0c3s73,Battlefield 2142,173
0g9wpv8,F1 2011,173
01spzs,Still life,173
0f0q_s,Mapex Drums,173
025zzv,Cadillac Escalade,173
06xv5,Super Mario Kart,173
022x_3,Volvo S60,173
0m775,Tilapia,173
011y23,Stained glass,173
0lqgdgt,Lightning Returns: Final Fantasy XIII,173
0x0t0sq,Pou,172
028r45,Air Force 1,172
076bq,Segway PT,172
03byxzx,Lamborghini Reventón,172
0bh78p7,Killzone 3,172
01jpv4,Miss Saigon,172
03hhrl,Eight-string guitar,172
071kwg,Granado Espada,172
0279f9,Mew,172
01s0vc,Zipper,172
01wy1g,Matryoshka doll,172
03jl0_,ABS-CBN,172
036bks,Gingerbread,172
05d7m,Nerd,172
02p1fkx,Text messaging,171
05z7zm,Dutch Warmblood,171
012y1_,Soba,171
030z9z,Mentos,171
01s012,Top,171
06244p,Window film,171
012w5l,Ladder,171
011j2w,Shuriken,171
07p4g,Typography,171
0p1c1,Port,171
03bwzs_,Macross,171
02yrp,Fossil,170
03j8hs,Super Mario 64 DS,170
01tysc,Hockey stick,170
0n8_mzf,Samsung Galaxy S III Mini,170
04s1_3,Sgt. Frog,170
0ldnc,Noah's Ark,170
02grnd,Suikoden,170
07tmhz,Hollow,170
01vq7_,Iguana,170
018hjb,Sport kite,170
0cc7459,Just Dance 3,169
0cldt,Automated teller machine,169
019d6,Blackjack,169
0dl6q,Silk,169
025t05d,Mazdaspeed3,169
040xlr,First Generation Nissan Z-car (S30),169
03nc1z,Honda Shadow,169
0dftk,Swan,169
09k6cq7,Star Wars: The Force Unleashed II,169
027zm8,Lemonade,168
07kbbqf,Lexus LFA,168
04q78,Lex Luthor,168
09cg6,Taco Bell,168
022jqr,Mario Kart: Double Dash‼,168
07jmf,Keirin,168
064f7,Pub,168
0j4288g,Rosalina,168
0m0g2jv,Kawasaki Ninja 300,168
03nwjn,Mohawk hairstyle,168
03gx245,Top,168
0242gd,Wagon,168
0cx37,Hare,168
03wvsk,Hair dryer,167
03kzmq,Baby food,167
02lzsz,Seto Kaiba,167
01zgn0,Morgana,167
0crdy6z,Canon EOS 60D,167
025tbzw,Midna,167
0gmjjf,Transformers: Generation 1,167
03bx2zz,Handycam,167
018wvx,Arkham Asylum,167
01r22b,Fried egg,167
03r_n_,Puma SE,167
03drqf,Jet pack,166
0chml9,Portrait photography,166
01ccnh,He-Man,166
04q8yyz,Spindle,166
01jkwq,Onsen,166
011j44,Charlie Brown,166
01rk86,Chili con carne,166
01jswq,Virginia Tech,165
04q2scx,Beetroot,165
0c_y8,Yosemite National Park,165
04y0j,Monkey Island,165
038sf,Greek food,165
0204p6,Decal,165
0dvxy,Final Fantasy,165
03mgjk,Nissan 300ZX,165
0cc6b7t,Rayman Origins,165
0cf417,Lotion,165
037l9,Gladiator,165
01j3zr,Burrito,164
01f5pq,Memory card,164
0gtwl8b,Chromebook,164
030bmc,Jaguar XJ,164
027wz5,Honda Prelude,164
0hfj1,Yeti,164
02cyt,Daredevil,163
05fny,Nebula,163
01pkxd,Macy's,163
02gw_5,Beanie,163
02pv0pf,Nursery,163
04kkgm,Bowl,163
0n3z99_,Bullion,163
02ytnf,Mafia: The City of Lost Heaven,163
05nn06,Giant Bicycles,162
0nbv0r9,Dynasty Warriors 8,162
080k_3m,Motorola Droid,162
01263b,Duke Nukem Forever,162
063vjv,Hyundai Santa Fe,162
0287fmj,Yamaha YZ250,162
01jtqg,Funny Car,162
06qqv,Stainless steel,162
0wq48kj,The Sims FreePlay,162
03n6jv,Peter Griffin,162
083vns,Tales of the Abyss,162
02w37j,Renault 5,161
011b4tqt,Metal Gear Solid V: Ground Zeroes,161
06r_y9,Maximum Destruction,161
0134bx,Ronald McDonald,161
02zfsl,Age of Empires II: The Age of Kings,161
0b7753g,Civilization V,161
09m_30,Tomb Raider: Legend,161
01mzw,Calendar,161
03c73k,Sim racing,161
09gd8,Sikorsky UH-60 Black Hawk,160
0316dw,Typing,160
03nn8h,Scion tC,160
02rd1tt,Percy Jackson,160
0gm3m,Filling station,160
01n5jq,Poster,160
0ckwm9,Peel,160
0h64twr,Fire Emblem Awakening,160
02vk54z,Dry ice,160
01qfjr,Paso Fino,159
07s4k08,Blue Exorcist,159
026mbk,Mega Man 3,159
062dpr,Unreal Tournament III,159
020sdj,Comb,159
05zqxq,Sand animation,159
021wms,Medley swimming,159
01k5cb,Team Rocket,159
0d4vhk,Pentium,158
03779_,Tekken 3,158
01lbxg,Nut,158
0gbjg,Airbag,158
03h3xhr,DMC World DJ Championships,158
03h2gpp,Rumble Fighter,158
0frqm,Envelope,158
027p_b,Pokémon Stadium,158
02fc7g,Lada Riva,158
06zqm6v,FarmVille,158
012fql,Marmalade,158
021v_4,Beverage can,158
0bg3kk,Chevrolet SS,158
051y6,Maze,158
080slg,Orihime Inoue,158
075x8mw,Nokia N900,157
03ymkqq,Warhammer 40;000: Dawn of War II,157
09dx4bn,Fitness Center,157
0b59s3,Pre-flight safety demonstration,157
0655bb,Chokehold,157
07j41f,Cockroach,157
0140b_,Donkey Kong 64,157
01rv4_,Citroën Saxo,157
068rll,Silent Hill 2,157
0661r43,Jaguar F-Type,157
05p9zzj,Burpee,156
0d0_z,Smallmouth bass,156
02vf2g,Crochet hook,156
06q6lc,Spyro: Year of the Dragon,156
0gjdtp7,Resident Evil: Operation Raccoon City,156
01cjzl,Woody Woodpecker,156
089b9,ZX Spectrum,156
0318w1,The Simpsons Hit &amp; Run,155
0bxrbq,Loudspeaker enclosure,155
09bcm,Venus,155
014jz8,Udon,155
0g9lp,Pheasant,155
0cmcmkp,Fight Night Champion,155
0ggbx,Barcode,155
011gwp21,Assassin's Creed Rogue,155
0jh8w,Plywood,155
05rbs,Periodic Table,154
03bc1k,Animal Crossing: Wild World,154
01kc36,Dassault Rafale,154
04h7h,Lighthouse,154
020kz,Cannon,154
02n3dt,Hot chocolate,154
08gp55,Zoo Tycoon 2,154
03by2b2,Quake Live,154
0gl148,Toribash,154
03xp6r,Autofocus,154
08dl8k,Mass Effect,153
04ygwp,Mac Mini,153
041cgj,Yonex,153
05sj2z,Wilson Sporting Goods,153
07tf0w,Sonic Riders,153
07h3xz,The Lord of the Rings: The Battle for Middle-earth II,153
020_l8,Ice climbing,153
035h33,Terra,153
02rt8fd,Bánh,153
010qlfr7,Lego Batman 3: Beyond Gotham,153
02yvk1,Leopard gecko,153
07kdp82,Fable III,152
05pbstn,Penny,152
0g2c8,Rock and Roll Hall of Fame,152
010qln94,Panasonic Lumix DMC-GH4,152
08zdpl,Gradius,152
03xw3c,Dodge Neon SRT-4,152
09f96,Mosquito,152
0ccls5,Yanmar,152
0fp72f,Castle Crashers,151
045r56,Jill Valentine,151
047nwh_,Yamaha DT125,151
0d19kv,Final Fantasy Type-0,151
017tm4,Plasma display,151
01811m,Wetsuit,151
07nf74,Rilakkuma,151
03zrs6,Grand Theft Auto,151
051z2qn,Nokia N97,151
069_cr,Chrysler Hemi engine,151
04w8lr,Airboat,151
0j63_94,Beyblade: Shogun Steel,151
0vzsv33,The Order: 1886,151
03wlh9,Bowser Jr.,150
055_l,Melting,150
085r6h,Texas Longhorns,150
0vpmppb,Wolfenstein: The New Order,150
080t1x,Peugeot 207,150
05c62s6,Tortilla,150
02p7326,Abadá,150
05f81zd,Nissan JUKE,150
0284n2c,3D television,150
022p_k,Nissan Pathfinder,150
05rkj6,Heihachi Mishima,150
029hpc,Macaroni and cheese,150
05_jn4,Jaden Yuki,150
03swzv,Legacy of Kain,150
0875hc,Tōshirō Hitsugaya,150
0324y9,Far Cry,150
0h3j0,Meteoroid,150
03ddl1,Honda XR series,149
0gvvwwl,UFC Undisputed 3,149
0b74vhm,Gods Eater Burst,149
01q3nd,Mack Trucks,149
05676x,Pencil case,149
07kc_,Theremin,149
08nmdy,Samurai Shodown,149
027l21,Leatherman,149
02w4b,Flugelhorn,149
05y7rk,29er,149
03cs9b,Pelmeni,149
0j3dgjp,The Amazing Spider-Man,149
064mlm0,NBA 2K10,149
09dcnj,Tenten,149
0dx1j,Town,148
027xjp2,Caster board,148
0j_5mqh,Beyond: Two Souls,148
0g5qhd3,Kingdom Hearts III,148
02p9hqv,Knife sharpening,148
05cskg,Dyson,148
02c3nd,Indoor soccer,148
03ffw1,QR code,148
0266_,Chrono Cross,148
08dr90,New Balance,148
056hj1,Headscarf,148
0c9qxs,Lord of the Dance,147
014sb4,Meteor shower,147
060tky,Nissan X-Trail,147
056pwp,Washburn Guitars,147
057xsbz,The Beatles: Rock Band,147
0h57kr6,Nobita,147
03fgdf,King Dedede,147
034qd2,Clint Barton,147
02jvms,Empanada,147
0n8z3j5,Kingdom Hearts HD 1.5 Remix,147
025t1g1,Husband,147
07kcwx8,Dream Club,147
03r_00,Pandeiro,147
07t985,Blue Dragon,147
05f3dht,Citroën DS3,146
03r2ph,Star Ocean,146
0vpmlkc,Sonic Lost World,146
0cm8hl8,Neodymium magnet toys,146
01t8z1,Punisher,146
03bnb,General Electric,146
075zf,Sega CD,146
01lvn4,New York City Police Department,146
04n92b,The North Face,146
0b8r64,Gratin,146
010f6mzc,Recurve bow,146
02xcpb,Lollipop,146
01_8w2,CBS News,145
05k6pl,Resident Evil 3: Nemesis,145
0fqrjsq,Tribal Wars,145
0gvs4hc,The Sims 3: Pets,145
09k5_gm,Nexus One,145
01xdhp,Tamagotchi,145
0hzp31r,One Piece: Pirate Warriors,145
05h2ggh,Dead Frontier,144
06w1k41,MechWarrior Online,144
0wrr,Asterix,144
04nc5s,Chibiusa,144
08mx0h,Toner,144
054l3b,Daenerys Targaryen,144
0gfjmwv,Skylanders: Spyro's Adventure,144
07x9q,Unreal,143
04f0cj3,Sonic and the Black Knight,143
0gk6n,Military tactics,143
0525pj,Mother 3,143
079p8t,Ōkami,143
01h5hb,Kei car,143
05vzl7,Talk box,143
0114gtzb,PriPara,143
01jp9b,Sleeping bag,142
0fy5pl,Gothic 3,142
01zbnw,Screenshot,142
0g_qz,Darth Maul,142
03txqz,Weighing scale,141
022dz2,Orphanage,141
07f2t5,Yamaha Motif,141
0j458_f,Ferrari F12berlinetta,141
0449p,Jaguar,141
01wmgs,Freddy Krueger,141
02r3llk,Colin McRae: Dirt,141
05y929,Kia Sorento,141
05m4m,Orangutan,141
0755b,Scorpion,140
01h44,Bat,140
0290zw,Diddy Kong,140
0417jsh,Poptropica,140
049sjn,Revell,140
025znc,Flip-flops,140
0dvjd,Square dance,140
043q71k,Gamblerz,140
065pn7,Command &amp; Conquer: Generals,140
05c_72,Audi Q5,139
0cnxdq6,Tales of Xillia,139
02p_0k,Tie-dye,139
0cxdc,Humanoid robot,139
04f127,Mini ramp,139
061_f,Pear,138
05zl3dg,Killing Floor,138
0hnnb,Umbrella,138
01wst8,Lifeguard,138
09glrmv,Sony Ericsson Xperia X10,138
0635r9,Siku Toys,138
02_98f,Super Shredder,138
02bls7,Taskbar,137
026dmfk,Rain gutter,137
061qdk,Prince of Persia: The Two Thrones,137
0bh9rcz,London Fashion Week,136
04qbpjp,Princess Aurora,136
04fv0k,Marriott International,136
03wcykg,Diaper bag,135
0g4fr,Papaya,135
0d652y,With Your Destiny,135
04cfw8,Classical ballet,134
0plvs,Eldar,134
0h3q35s,FIFA Street,134
064fs6,Alan Wake,133
02_6gvj,Uncharted: Drake's Fortune,131
02kh4w,Injury,130
01hbjs,Look-alike,130
01vzvy,Mortar,127
03h_4m,Cylinder,123
